instrument_name,option_type,underlying_price_S,strike_K,time_to_maturity_T,risk_free_rate_r,option_price_V,implied_vol
BTC-8JUN26-60000-C,call,62901.03,60000.0,0.001,0.045,2924.897895,0.8179134810254531
BTC-8JUN26-60500-C,call,62910.77,60500.0,0.001,0.045,2422.064645,0.6017404689345789
BTC-8JUN26-61000-C,call,62908.37,61000.0,0.001,0.045,1934.4323775,0.588323399571589
BTC-8JUN26-61000-P,put,62908.37,61000.0,0.001,0.045,9.4362555,0.4997128185331114
BTC-8JUN26-61500-C,call,62908.37,61500.0,0.001,0.045,1446.8925100000001,0.5083302015526625
BTC-8JUN26-61500-P,put,62908.38,61500.0,0.001,0.045,18.872514,0.44077937452104626
BTC-8JUN26-62000-C,call,62908.61,62000.0,0.001,0.045,975.083455,0.4350741304667542
BTC-8JUN26-62000-P,put,62908.61,62000.0,0.001,0.045,34.5997355,0.3627751690990277
BTC-8JUN26-62500-C,call,62909.52,62500.0,0.001,0.045,503.27616,0.3079301963724843
BTC-8JUN26-62500-P,put,62910.66,62500.0,0.001,0.045,100.6570559999937,0.3236468096649322
BTC-8JUN26-63000-C,call,62911.56,63000.0,0.001,0.045,173.00679,0.2682901595639196
BTC-8JUN26-63000-P,put,62911.56,63000.0,0.001,0.045,261.082974,0.2714413557875562
BTC-8JUN26-63500-C,call,62920.43,63500.0,0.001,0.045,34.606236499993706,0.25912784508804954
BTC-8JUN26-63500-P,put,62922.53,63500.0,0.001,0.045,644.9559324999937,0.3309478731390251
BTC-8JUN26-64000-C,call,62921.63,64000.0,0.001,0.045,15.7304075,0.3354502826014526
BTC-8JUN26-64500-P,put,62921.1,64500.0,0.001,0.045,1997.744925,1.2720564730510324
BTC-8JUN26-65500-P,put,62921.24,65500.0,0.001,0.045,2658.42239,0.9537210322882567
BTC-9JUN26-58500-C,call,62962.21,58500.0,0.0031481430349124,0.045,4533.279119999999,0.814704095069398
BTC-9JUN26-58500-P,put,62962.21,58500.0,0.0031481430349124,0.045,110.1838675,0.9239584901793791
BTC-9JUN26-59000-C,call,62965.13,59000.0,0.0031481430349124,0.045,4061.250885,0.7967432700554095
BTC-9JUN26-59000-P,put,62969.81,59000.0,0.0031481430349124,0.045,138.5335819999937,0.893440610966494
BTC-9JUN26-59500-C,call,62965.16,59500.0,0.0031481430349124,0.045,3589.014119999994,0.7673437524940349
BTC-9JUN26-59500-P,put,62965.16,59500.0,0.0031481430349124,0.045,176.302448,0.8633973480053823
BTC-9JUN26-60000-C,call,62965.35,60000.0,0.0031481430349124,0.045,3164.0088375,0.7901208537809242
BTC-9JUN26-60000-P,put,62964.66,60000.0,0.0031481430349124,0.045,223.52454300000002,0.832672511710928
BTC-9JUN26-60500-C,call,62966.06,60500.0,0.0031481430349124,0.045,2723.2820949999996,0.7637236369968219
BTC-9JUN26-60500-P,put,62969.11,60500.0,0.0031481430349124,0.045,280.2125395,0.7990464859916171
BTC-9JUN26-61000-C,call,62969.97,61000.0,0.0031481430349124,0.045,2314.1463974999997,0.7486570568728643
BTC-9JUN26-61000-P,put,62978.26,61000.0,0.0031481430349124,0.045,362.124995,0.7757659247245622
BTC-9JUN26-61500-C,call,62969.1,61500.0,0.0031481430349124,0.045,1904.815275,0.7153982988757287
BTC-9JUN26-61500-P,put,62967.36,61500.0,0.0031481430349124,0.045,440.77151999999376,0.7267381588663153
BTC-9JUN26-62000-C,call,62967.36,62000.0,0.0031481430349124,0.045,1526.95848,0.6872401485506262
BTC-9JUN26-62000-P,put,62967.28,62000.0,0.0031481430349124,0.045,582.4473399999999,0.7117078646310422
BTC-9JUN26-62500-C,call,62961.62,62500.0,0.0031481430349124,0.045,1180.530375,0.6597987198939477
BTC-9JUN26-62500-P,put,62963.76,62500.0,0.0031481430349124,0.045,724.08324,0.6706373519515855
BTC-9JUN26-63000-C,call,62964.96,63000.0,0.0031481430349124,0.045,881.50944,0.6345709813621154
BTC-9JUN26-63000-P,put,62969.3,63000.0,0.0031481430349124,0.045,913.0548499999937,0.6399542140211908
BTC-9JUN26-63500-C,call,62968.86,63500.0,0.0031481430349124,0.045,613.946385,0.6003196883719693
BTC-9JUN26-63500-P,put,62960.75,63500.0,0.0031481430349124,0.045,1164.7738749999999,0.6177185694320076
BTC-9JUN26-64000-C,call,62957.61,64000.0,0.0031481430349124,0.045,409.224465,0.5806815386384244
BTC-9JUN26-64000-P,put,62935.62,64000.0,0.0031481430349124,0.045,1541.92269,0.6473548288624594
BTC-9JUN26-64500-C,call,62937.27,64500.0,0.0031481430349124,0.045,264.336534,0.5726303543399675
BTC-9JUN26-64500-P,put,62933.55,64500.0,0.0031481430349124,0.045,2190.08754,0.8846653512106853
BTC-9JUN26-65000-C,call,62933.55,65000.0,0.0031481430349124,0.045,157.333875,0.5568703401953068
BTC-9JUN26-65500-C,call,62931.97,65500.0,0.0031481430349124,0.045,88.104758,0.5439619303927101
BTC-9JUN26-66000-C,call,62932.29,66000.0,0.0031481430349124,0.045,56.639061,0.5571155846627517
BTC-9JUN26-67000-C,call,62949.58,67000.0,0.0031481430349124,0.045,18.884874,0.5629863852252853
BTC-9JUN26-68000-C,call,62953.68,68000.0,0.0031481430349124,0.045,9.443052,0.6093872913170046
BTC-9JUN26-68000-P,put,62951.65,68000.0,0.0031481430349124,0.045,5099.0836500000005,0.8246351326405414
BTC-10JUN26-57000-P,put,62924.34,57000.0,0.0058878690623097,0.045,141.57976499999998,0.9023365615428736
BTC-10JUN26-58000-C,call,62929.81,58000.0,0.0058878690623097,0.045,5128.779515,0.8335335667821588
BTC-10JUN26-58000-P,put,62930.97,58000.0,0.0058878690623097,0.045,204.5256525,0.8587307838315413
BTC-10JUN26-58500-P,put,62935.23,58500.0,0.0058878690623097,0.045,245.447397,0.8366033859927007
BTC-10JUN26-59000-P,put,62938.33,59000.0,0.0058878690623097,0.045,292.6632345,0.8125457192456683
BTC-10JUN26-59500-C,call,62938.89,59500.0,0.0058878690623097,0.045,4799.0903625,1.4587392354919635
BTC-10JUN26-59500-P,put,62943.24,59500.0,0.0058878690623097,0.045,346.18782,0.7861867537371753
BTC-10JUN26-60000-C,call,62944.29,60000.0,0.0058878690623097,0.045,4358.8920825000005,1.3916864536869287
BTC-10JUN26-60000-P,put,62943.81,60000.0,0.0058878690623097,0.045,424.87071749999996,0.7700808761641643
BTC-10JUN26-60500-C,call,62945.58,60500.0,0.0058878690623097,0.045,2942.705865,0.728278926230788
BTC-10JUN26-60500-P,put,62945.45,60500.0,0.0058878690623097,0.045,503.5636,0.7435296896471585
BTC-10JUN26-61000-C,call,62939.85,61000.0,0.0058878690623097,0.045,2549.063925,0.7128876524166622
BTC-10JUN26-61000-P,put,62940.9,61000.0,0.0058878690623097,0.045,597.93855,0.7161076685616582
BTC-10JUN26-61500-C,call,62948.88,61500.0,0.0058878690623097,0.045,2155.99914,0.6792967643857873
BTC-10JUN26-61500-P,put,62940.56,61500.0,0.0058878690623097,0.045,723.81644,0.6968904511896967
BTC-10JUN26-62000-C,call,62940.2,62000.0,0.0058878690623097,0.045,1825.2657999999938,0.6752461004232064
BTC-10JUN26-62000-P,put,62939.23,62000.0,0.0058878690623097,0.045,881.14922,0.6818809406349025
BTC-10JUN26-62500-C,call,62939.02,62500.0,0.0058878690623097,0.045,1494.801725,0.6532256277537615
BTC-10JUN26-62500-P,put,62936.98,62500.0,0.0058878690623097,0.045,1069.92866,0.6689243313675448
BTC-10JUN26-63000-C,call,62937.99,63000.0,0.0058878690623097,0.045,1195.82181,0.6322014845994779
BTC-10JUN26-63000-P,put,62941.23,63000.0,0.0058878690623097,0.045,1258.8246000000001,0.6422136789734381
BTC-10JUN26-63500-C,call,62946.46,63500.0,0.0058878690623097,0.045,944.1968999999999,0.6167662108113934
BTC-10JUN26-63500-P,put,62946.85,63500.0,0.0058878690623097,0.045,1510.7244,0.6325337769771389
BTC-10JUN26-64000-C,call,62949.01,64000.0,0.0058878690623097,0.045,723.913615,0.6017129133785212
BTC-10JUN26-64000-P,put,62949.01,64000.0,0.0058878690623097,0.045,1794.0467849999939,0.6214538780374365
BTC-10JUN26-64500-C,call,62947.78,64500.0,0.0058878690623097,0.045,535.05613,0.5857228538287278
BTC-10JUN26-64500-P,put,62944.42,64500.0,0.0058878690623097,0.045,2155.8463850000003,0.6345454433262379
BTC-10JUN26-65000-C,call,62944.42,65000.0,0.0058878690623097,0.045,393.402625,0.5785167347924615
BTC-10JUN26-65000-P,put,62944.52,65000.0,0.0058878690623097,0.045,2407.6278899999998,0.5624946246336899
BTC-10JUN26-66000-C,call,62944.52,66000.0,0.0058878690623097,0.045,188.83356,0.5578570186884044
BTC-10JUN26-67000-C,call,62942.0,67000.0,0.0058878690623097,0.045,84.9717,0.5497428209230687
BTC-10JUN26-68000-C,call,62942.16,68000.0,0.0058878690623097,0.045,37.765296,0.5520704698906941
BTC-10JUN26-69000-C,call,62943.04,69000.0,0.0058878690623097,0.045,18.882911999999997,0.5698375526882872
BTC-11JUN26-56000-P,put,62949.23,56000.0,0.008627595089707,0.045,166.8154595,0.8832858037328823
BTC-11JUN26-57000-P,put,62945.87,57000.0,0.008627595089707,0.045,223.4578385,0.8400815467492189
BTC-11JUN26-58000-C,call,62941.7,58000.0,0.008627595089707,0.045,6121.080325,1.3451469396413216
BTC-11JUN26-58000-P,put,62945.31,58000.0,0.008627595089707,0.045,302.13748799999996,0.7984317154255836
BTC-11JUN26-59000-C,call,62945.31,59000.0,0.008627595089707,0.045,5271.669712499993,1.2673908491550205
BTC-11JUN26-59000-P,put,62951.41,59000.0,0.008627595089707,0.045,409.184165,0.757200176814473
BTC-11JUN26-60000-C,call,62952.46,60000.0,0.008627595089707,0.045,4438.148429999999,1.1830903122363932
BTC-11JUN26-60000-P,put,62952.99,60000.0,0.008627595089707,0.045,566.5769099999999,0.7218795481228392
BTC-11JUN26-60500-C,call,62953.04,60500.0,0.008627595089707,0.045,3100.4372200000003,0.6820183481080966
BTC-11JUN26-60500-P,put,62949.58,60500.0,0.008627595089707,0.045,660.9705899999938,0.7012536705308499
BTC-11JUN26-61000-C,call,62943.25,61000.0,0.008627595089707,0.045,2706.55975,0.6646455685160938
BTC-11JUN26-61000-P,put,62942.25,61000.0,0.008627595089707,0.045,771.0425625,0.6800762438797896
BTC-11JUN26-61500-C,call,62941.78,61500.0,0.008627595089707,0.045,2360.31675,0.6578282138379625
BTC-11JUN26-61500-P,put,62941.08,61500.0,0.008627595089707,0.045,912.6456599999938,0.666116006315453
BTC-11JUN26-62000-C,call,62939.19,62000.0,0.008627595089707,0.045,1998.3192825,0.6338006668105037
BTC-11JUN26-62000-P,put,62938.59,62000.0,0.008627595089707,0.045,1069.95603,0.6492941530586593
BTC-11JUN26-62500-C,call,62938.68,62500.0,0.008627595089707,0.045,1699.34436,0.626765866330195
BTC-11JUN26-62500-P,put,62943.97,62500.0,0.008627595089707,0.045,1258.8794,0.6375257814896735
BTC-11JUN26-63000-C,call,62945.37,63000.0,0.008627595089707,0.045,1400.5344825,0.6068290298812244
BTC-11JUN26-63000-P,put,62945.37,63000.0,0.008627595089707,0.045,1447.74351,0.6141332098618641
BTC-11JUN26-63500-C,call,62941.72,63500.0,0.008627595089707,0.045,1132.95096,0.5907177633242631
BTC-11JUN26-63500-P,put,62941.77,63500.0,0.008627595089707,0.045,1699.42779,0.6049213449933738
BTC-11JUN26-64000-C,call,62944.89,64000.0,0.008627595089707,0.045,912.7009049999937,0.5811807099598808
BTC-11JUN26-64000-P,put,62943.22,64000.0,0.008627595089707,0.045,1998.447235,0.605382860198244
BTC-11JUN26-64500-C,call,62937.88,64500.0,0.008627595089707,0.045,723.78562,0.5745011759261993
BTC-11JUN26-64500-P,put,62938.38,64500.0,0.008627595089707,0.045,2328.7200599999996,0.6063336977093469
BTC-11JUN26-65000-C,call,62916.63,65000.0,0.008627595089707,0.045,566.2496699999999,0.5713911863087906
BTC-11JUN26-65000-P,put,62910.45,65000.0,0.008627595089707,0.045,2657.9665124999933,0.586123819094201
BTC-11JUN26-66000-C,call,62910.22,66000.0,0.008627595089707,0.045,327.133144,0.5596064744664627
BTC-11JUN26-66000-P,put,62914.54,66000.0,0.008627595089707,0.045,3649.043319999994,0.7114729609440047
BTC-11JUN26-67000-C,call,62910.83,67000.0,0.008627595089707,0.045,176.150324,0.5495814716109312
BTC-11JUN26-68000-C,call,62917.4,68000.0,0.008627595089707,0.045,97.52197,0.5532326793719309
BTC-11JUN26-69000-C,call,62919.43,69000.0,0.008627595089707,0.045,53.4815155,0.5604718165507276
BTC-11JUN26-69000-P,put,62918.19,69000.0,0.008627595089707,0.045,6921.0009,1.2122661207971102
BTC-11JUN26-70000-C,call,62917.22,70000.0,0.008627595089707,0.045,31.45861,0.5766649869317472
BTC-11JUN26-70000-P,put,62910.26,70000.0,0.008627595089707,0.045,7108.859379999994,0.6153608671003948
BTC-12JUN26-70000-C,call,62904.41,70000.0,0.0113673211171042,0.045,59.759189500000005,0.5609532122370561
BTC-12JUN26-70000-P,put,62905.82,70000.0,0.0113673211171042,0.045,7124.084115000001,0.5708193031377217
BTC-12JUN26-72000-C,call,62905.44,72000.0,0.0113673211171042,0.045,31.452720000000003,0.6117498580411687
BTC-12JUN26-74000-C,call,62870.68,74000.0,0.0113673211171042,0.045,18.861203999999997,0.6684097251496087
BTC-12JUN26-75000-C,call,62878.81,75000.0,0.0113673211171042,0.045,18.863642999999996,0.7151411583736151
BTC-19JUN26-55000-C,call,62951.61,55000.0,0.030545403308885,0.045,8577.1568625,0.7316244462629496
BTC-19JUN26-55000-P,put,62950.58,55000.0,0.030545403308885,0.045,409.17877,0.6673966675701066
BTC-19JUN26-56000-C,call,62948.38,56000.0,0.030545403308885,0.045,7427.908839999999,0.5997930679963368
BTC-19JUN26-56000-P,put,62941.91,56000.0,0.030545403308885,0.045,519.2707575000001,0.6502268933030885
BTC-19JUN26-58000-C,call,62941.39,58000.0,0.030545403308885,0.045,5680.4604475,0.5631766189022543
BTC-19JUN26-58000-P,put,62941.4,58000.0,0.030545403308885,0.045,771.03215,0.6002781676373591
BTC-19JUN26-59000-C,call,62939.68,59000.0,0.030545403308885,0.045,4909.29504,0.5600583492126012
BTC-19JUN26-59000-P,put,62939.04,59000.0,0.030545403308885,0.045,959.8203599999999,0.5809324300174837
BTC-19JUN26-60000-C,call,62937.58,60000.0,0.030545403308885,0.045,4138.145885,0.5425676213044532
BTC-19JUN26-60000-P,put,62937.09,60000.0,0.030545403308885,0.045,1195.80471,0.5631982508503882
BTC-19JUN26-61000-C,call,62935.57,61000.0,0.030545403308885,0.045,3414.2546724999997,0.5242680200840597
BTC-19JUN26-61000-P,put,62935.37,61000.0,0.030545403308885,0.045,1478.981195,0.5449743513961925
BTC-19JUN26-62000-C,call,62936.45,62000.0,0.030545403308885,0.045,2769.2038,0.5104785157815376
BTC-19JUN26-62000-P,put,62938.3,62000.0,0.030545403308885,0.045,1825.210699999994,0.528800953797325
BTC-19JUN26-63000-C,call,62937.55,63000.0,0.030545403308885,0.045,2187.0798625,0.49589360085074524
BTC-19JUN26-63000-P,put,62937.55,63000.0,0.030545403308885,0.045,2250.0174125,0.5157481083842441
BTC-19JUN26-64000-C,call,62937.52,64000.0,0.030545403308885,0.045,1683.57866,0.4830688313783874
BTC-19JUN26-64000-P,put,62937.74,64000.0,0.030545403308885,0.045,2737.7916899999996,0.5014136768832541
BTC-19JUN26-65000-C,call,62938.87,65000.0,0.030545403308885,0.045,1274.5121175000002,0.4748912730799769
BTC-19JUN26-65000-P,put,62939.53,65000.0,0.030545403308885,0.045,3304.325325,0.48891239576367435
BTC-19JUN26-66000-C,call,62938.13,66000.0,0.030545403308885,0.045,944.0719499999999,0.46870285984200055
BTC-19JUN26-66000-P,put,62938.44,66000.0,0.030545403308885,0.045,3996.59094,0.489848199332576
BTC-19JUN26-67000-C,call,62937.35,67000.0,0.030545403308885,0.045,676.5765124999999,0.4616123960625491
BTC-19JUN26-67000-P,put,62937.29,67000.0,0.030545403308885,0.045,4736.0310725,0.4873999103347576
BTC-19JUN26-68000-C,call,62942.24,68000.0,0.030545403308885,0.045,472.06679999999994,0.45515153228335536
BTC-19JUN26-68000-P,put,62940.97,68000.0,0.030545403308885,0.045,5523.0701174999995,0.4839984744777582
BTC-19JUN26-69000-C,call,62938.81,69000.0,0.030545403308885,0.045,346.16345499999994,0.4607035291152699
BTC-19JUN26-69000-P,put,62938.81,69000.0,0.030545403308885,0.045,6388.289215,0.4905908494486717
BTC-19JUN26-70000-C,call,62938.81,70000.0,0.030545403308885,0.045,242.3144185,0.461266044948204
BTC-19JUN26-70000-P,put,62939.22,70000.0,0.030545403308885,0.045,7285.214714999994,0.49833786961326904
BTC-19JUN26-71000-C,call,62940.44,71000.0,0.030545403308885,0.045,169.939188,0.46378483314300045
BTC-19JUN26-71000-P,put,62942.92,71000.0,0.030545403308885,0.045,8229.78679,0.5199888750551789
BTC-19JUN26-72000-C,call,62942.92,72000.0,0.030545403308885,0.045,125.88584,0.47269935574053706
BTC-19JUN26-72000-P,put,62945.58,72000.0,0.030545403308885,0.045,9190.05468,0.5438403679723277
BTC-19JUN26-73000-C,call,62952.22,73000.0,0.030545403308885,0.045,94.42833,0.4822342920156201
BTC-19JUN26-73000-P,put,62952.38,73000.0,0.030545403308885,0.045,10166.809369999999,0.5757112667166453
BTC-19JUN26-74000-C,call,62952.38,74000.0,0.030545403308885,0.045,78.69047499999999,0.5008802942338753
BTC-19JUN26-74000-P,put,62956.02,74000.0,0.030545403308885,0.045,11127.476534999998,0.5923320436504056
BTC-19JUN26-75000-C,call,62958.34,75000.0,0.030545403308885,0.045,62.95834,0.51458583183835
BTC-19JUN26-75000-P,put,62958.32,75000.0,0.030545403308885,0.045,12056.51828,0.5750860214774066
BTC-19JUN26-76000-C,call,62964.32,76000.0,0.030545403308885,0.045,50.3714559999937,0.5274511498905797
BTC-19JUN26-76000-P,put,62963.88,76000.0,0.030545403308885,0.045,13096.487039999998,0.650538724741412
BTC-19JUN26-77000-C,call,62964.58,77000.0,0.030545403308885,0.045,44.075206,0.546913299049594
BTC-19JUN26-77000-P,put,62966.59,77000.0,0.030545403308885,0.045,14277.6742825,0.8091842584696954
BTC-19JUN26-78000-C,call,62973.2,78000.0,0.030545403308885,0.045,37.783919999999995,0.563428137313466
BTC-19JUN26-78000-P,put,62973.2,78000.0,0.030545403308885,0.045,15271.000999999998,0.8477379202239971
BTC-19JUN26-80000-C,call,62982.08,80000.0,0.030545403308885,0.045,31.49104,0.6041669999537556
BTC-19JUN26-85000-C,call,62979.42,85000.0,0.030545403308885,0.045,22.042797,0.7018987299615674
BTC-26JUN26-45000-P,put,62998.32,45000.0,0.0497234855006659,0.045,103.947228,0.7987062334307156
BTC-26JUN26-50000-C,call,62997.58,50000.0,0.0497234855006659,0.045,13229.4918,0.5973971876257042
BTC-26JUN26-50000-P,put,62997.14,50000.0,0.0497234855006659,0.045,239.389132,0.6876940152930505
BTC-26JUN26-54000-P,put,63001.43,54000.0,0.0497234855006659,0.045,381.15865149999996,0.5665362456751245
BTC-26JUN26-55000-C,call,63005.02,55000.0,0.0497234855006659,0.045,8552.931465,0.5337286046934345
BTC-26JUN26-55000-P,put,63004.96,55000.0,0.0497234855006659,0.045,598.54712,0.5945366728548587
BTC-26JUN26-56000-P,put,63005.14,56000.0,0.0497234855006659,0.045,945.0771,0.6403075727077397
BTC-26JUN26-58000-C,call,63007.7,58000.0,0.0497234855006659,0.045,6048.7392,0.5120203897597254
BTC-26JUN26-58000-P,put,63013.46,58000.0,0.0497234855006659,0.045,1055.475455,0.547162302138082
BTC-26JUN26-59000-C,call,63015.71,59000.0,0.0497234855006659,0.045,5261.811785,0.49765613328458685
BTC-26JUN26-59000-P,put,63017.26,59000.0,0.0497234855006659,0.045,1276.099515,0.5334131949585815
BTC-26JUN26-60000-C,call,63023.18,60000.0,0.0497234855006659,0.045,4553.424755,0.49149416636421245
BTC-26JUN26-60000-P,put,63024.35,60000.0,0.0497234855006659,0.045,1528.3404875,0.518461303187158
BTC-26JUN26-61000-C,call,63024.67,61000.0,0.0497234855006659,0.045,3844.5048699999998,0.47638408058204057
BTC-26JUN26-61000-P,put,63025.22,61000.0,0.0497234855006659,0.045,1843.4876849999937,0.5070154324297769
BTC-26JUN26-62000-C,call,63025.22,62000.0,0.0497234855006659,0.045,3214.28622,0.4666404400962452
BTC-26JUN26-62000-P,put,63024.87,62000.0,0.0497234855006659,0.045,2205.8704500000003,0.4950535753145558
BTC-26JUN26-63000-C,call,63023.33,63000.0,0.0497234855006659,0.045,2646.9798600000004,0.45813494775176844
BTC-26JUN26-63000-P,put,63023.35,63000.0,0.0497234855006659,0.045,2615.469025,0.48186342225478623
BTC-26JUN26-64000-C,call,63032.4,64000.0,0.0497234855006659,0.045,2143.1016000000004,0.4491778063371528
BTC-26JUN26-64000-P,put,63032.66,64000.0,0.0497234855006659,0.045,3120.1166700000003,0.4764670017374472
BTC-26JUN26-65000-C,call,63033.2,65000.0,0.0497234855006659,0.045,1701.8963999999999,0.4411249624149677
BTC-26JUN26-65000-P,put,63033.49,65000.0,0.0497234855006659,0.045,3671.7007924999934,0.46831174397013153
BTC-26JUN26-66000-C,call,63033.49,66000.0,0.0497234855006659,0.045,1339.4616624999937,0.4363653079017217
BTC-26JUN26-66000-P,put,63034.6,66000.0,0.0497234855006659,0.045,4333.62875,0.47011449918895326
BTC-26JUN26-67000-C,call,63032.68,67000.0,0.0497234855006659,0.045,1040.0392200000001,0.43277332369670596
BTC-26JUN26-67000-P,put,63030.71,67000.0,0.0497234855006659,0.045,5058.2144775,0.4737034330500158
BTC-26JUN26-68000-C,call,63030.98,68000.0,0.0497234855006659,0.045,787.8872500000001,0.4279839468411362
BTC-26JUN26-68000-P,put,63032.0,68000.0,0.0497234855006659,0.045,5830.46,0.4787997447456161
BTC-26JUN26-70000-C,call,63032.0,70000.0,0.0497234855006659,0.045,456.98199999999366,0.42831876342681974
BTC-26JUN26-70000-P,put,63028.37,70000.0,0.0497234855006659,0.045,7500.37603,0.4924205695718617
BTC-26JUN26-72000-C,call,63028.37,72000.0,0.0497234855006659,0.045,261.5677355,0.43258478465794536
BTC-26JUN26-72000-P,put,63028.18,72000.0,0.0497234855006659,0.045,9249.385414999999,0.4982385128885804
BTC-26JUN26-74000-C,call,63027.02,74000.0,0.0497234855006659,0.045,160.71890100000002,0.4459650997099461
BTC-26JUN26-74000-P,put,63026.38,74000.0,0.0497234855006659,0.045,11155.669259999999,0.534167577398131
BTC-26JUN26-75000-C,call,63026.16,75000.0,0.0497234855006659,0.045,129.203628,0.4546532144964191
BTC-26JUN26-75000-P,put,63027.96,75000.0,0.0497234855006659,0.045,12148.639290000001,0.5651606174011773
BTC-26JUN26-76000-C,call,63030.8,76000.0,0.0497234855006659,0.045,107.15236,0.46535911069095204
BTC-26JUN26-76000-P,put,63030.8,76000.0,0.0497234855006659,0.045,13094.6487,0.5747854041648325
BTC-26JUN26-78000-C,call,63033.54,78000.0,0.0497234855006659,0.045,78.791925,0.4905318373785282
BTC-26JUN26-78000-P,put,63041.19,78000.0,0.0497234855006659,0.045,15051.0841125,0.619167582063209
BTC-26JUN26-80000-C,call,63048.36,80000.0,0.0497234855006659,0.045,56.743524,0.5110788624556372
BTC-26JUN26-80000-P,put,63049.72,80000.0,0.0497234855006659,0.045,17054.94926,0.6835012173397179
BTC-26JUN26-82000-C,call,63048.66,82000.0,0.0497234855006659,0.045,47.286495,0.5409054056344873
BTC-26JUN26-82000-P,put,63047.74,82000.0,0.0497234855006659,0.045,19040.41748,0.7305182387493094
BTC-26JUN26-84000-C,call,63047.74,84000.0,0.0497234855006659,0.045,37.828644,0.5653434852053945
BTC-26JUN26-84000-P,put,63037.16,84000.0,0.0497234855006659,0.045,21022.892860000004,0.7678109245795859
BTC-26JUN26-85000-C,call,63023.5,85000.0,0.0497234855006659,0.045,37.814099999999996,0.5858803759753961
BTC-26JUN26-85000-P,put,63020.53,85000.0,0.0497234855006659,0.045,21994.164969999998,0.7642172879537226
BTC-26JUN26-86000-C,call,63030.08,86000.0,0.0497234855006659,0.045,37.818048,0.6052580509302058
BTC-26JUN26-86000-P,put,63030.64,86000.0,0.0497234855006659,0.045,22990.42594,0.7935101850791929
BTC-26JUN26-88000-C,call,63038.29,88000.0,0.0497234855006659,0.045,31.519145,0.6285420456116259
BTC-26JUN26-90000-C,call,63038.64,90000.0,0.0497234855006659,0.045,25.215455999993697,0.6472637669178342
BTC-26JUN26-92000-C,call,63038.2,92000.0,0.0497234855006659,0.045,22.06337,0.6714026498366867
BTC-26JUN26-94000-C,call,63038.72,94000.0,0.0497234855006659,0.045,25.215487999993698,0.7153044739505854
BTC-26JUN26-95000-C,call,63037.77,95000.0,0.0497234855006659,0.045,18.911330999999997,0.7086032699643873
BTC-31JUL26-48000-C,call,63231.66,48000.0,0.14561389645957,0.045,15776.29917,0.46501502576006115
BTC-31JUL26-48000-P,put,63231.18,48000.0,0.14561389645957,0.045,600.69621,0.585263128728366
BTC-31JUL26-50000-C,call,63232.27,50000.0,0.14561389645957,0.045,14132.412344999999,0.5130780826006741
BTC-31JUL26-50000-P,put,63231.62,50000.0,0.14561389645957,0.045,774.587345,0.5605087089227021
BTC-31JUL26-52000-C,call,63232.41,52000.0,0.14561389645957,0.045,12235.471335,0.46968501064117146
BTC-31JUL26-52000-P,put,63232.41,52000.0,0.14561389645957,0.045,1011.71856,0.5395677014291723
BTC-31JUL26-54000-C,call,63232.34,54000.0,0.14561389645957,0.045,10512.376525,0.45466250927181556
BTC-31JUL26-54000-P,put,63232.77,54000.0,0.14561389645957,0.045,1327.8881699999936,0.5217326582096768
BTC-31JUL26-55000-C,call,63233.02,55000.0,0.14561389645957,0.045,9706.26857,0.45120454343604827
BTC-31JUL26-55000-P,put,63233.02,55000.0,0.14561389645957,0.045,1501.7842249999999,0.5109761702149626
BTC-31JUL26-56000-C,call,63232.0,56000.0,0.14561389645957,0.045,8899.903999999999,0.44390596466938503
BTC-31JUL26-56000-P,put,63232.52,56000.0,0.14561389645957,0.045,1707.27804,0.5019078921479155
BTC-31JUL26-57000-C,call,63232.52,57000.0,0.14561389645957,0.045,8172.80321,0.4438436858051864
BTC-31JUL26-57000-P,put,63232.68,57000.0,0.14561389645957,0.045,1960.21308,0.4961080655618068
BTC-31JUL26-58000-C,call,63235.53,58000.0,0.14561389645957,0.045,7445.983657499999,0.43915382270957143
BTC-31JUL26-58000-P,put,63235.61,58000.0,0.14561389645957,0.045,2213.2463500000003,0.48705057162031984
BTC-31JUL26-59000-C,call,63235.61,59000.0,0.14561389645957,0.045,6718.7835625,0.43086806499350394
BTC-31JUL26-59000-P,put,63236.18,59000.0,0.14561389645957,0.045,2529.4472,0.4823008695106872
BTC-31JUL26-60000-C,call,63238.24,60000.0,0.14561389645957,0.045,6070.87104,0.4279732942622505
BTC-31JUL26-60000-P,put,63238.33,60000.0,0.14561389645957,0.045,2845.72485,0.47411454967611366
BTC-31JUL26-61000-C,call,63238.33,61000.0,0.14561389645957,0.045,5454.3059625,0.42469844261807377
BTC-31JUL26-61000-P,put,63239.62,61000.0,0.14561389645957,0.045,3225.22062,0.46954175453517766
BTC-31JUL26-62000-C,call,63239.48,62000.0,0.14561389645957,0.045,4885.24983,0.42244321166767357
BTC-31JUL26-62000-P,put,63242.2,62000.0,0.14561389645957,0.045,3636.4265,0.46485707584173447
BTC-31JUL26-63000-C,call,63243.31,63000.0,0.14561389645957,0.045,4332.166735,0.4176797504686238
BTC-31JUL26-63000-P,put,63242.58,63000.0,0.14561389645957,0.045,4094.9570550000003,0.4614814010086258
BTC-31JUL26-64000-C,call,63242.94,64000.0,0.14561389645957,0.045,3826.19787,0.4141079504877964
BTC-31JUL26-64000-P,put,63242.94,64000.0,0.14561389645957,0.045,4585.11315,0.4577736467160065
BTC-31JUL26-65000-C,call,63243.62,65000.0,0.14561389645957,0.045,3351.91186,0.4097609675967804
BTC-31JUL26-65000-P,put,63244.46,65000.0,0.14561389645957,0.045,5106.990145,0.45380830813450623
BTC-31JUL26-66000-C,call,63244.32,66000.0,0.14561389645957,0.045,2940.86088,0.4080122899727341
BTC-31JUL26-66000-P,put,63243.61,66000.0,0.14561389645957,0.045,5676.1139975,0.45103396554345265
BTC-31JUL26-67000-C,call,63244.2,67000.0,0.14561389645957,0.045,2545.57905,0.40400166523600894
BTC-31JUL26-67000-P,put,63243.76,67000.0,0.14561389645957,0.045,6340.1869400000005,0.4547920054313893
BTC-31JUL26-68000-C,call,63241.22,68000.0,0.14561389645957,0.045,2197.632395,0.40123104793976516
BTC-31JUL26-68000-P,put,63237.06,68000.0,0.14561389645957,0.045,7003.504395,0.45471256602268056
BTC-31JUL26-69000-C,call,63237.06,69000.0,0.14561389645957,0.045,1897.1118,0.39988851475030285
BTC-31JUL26-69000-P,put,63235.32,69000.0,0.14561389645957,0.045,7698.90021,0.45515903065382096
BTC-31JUL26-70000-C,call,63235.66,70000.0,0.14561389645957,0.045,1628.318245,0.398338521639878
BTC-31JUL26-70000-P,put,63236.66,70000.0,0.14561389645957,0.045,8426.284945000001,0.45627695967495063
BTC-31JUL26-71000-C,call,63236.66,71000.0,0.14561389645957,0.045,1375.397355,0.394827955117452
BTC-31JUL26-71000-P,put,63240.74,71000.0,0.14561389645957,0.045,9201.52767,0.4602698488772343
BTC-31JUL26-72000-C,call,63240.34,72000.0,0.14561389645957,0.045,1185.756375,0.39576030365556125
BTC-31JUL26-72000-P,put,63240.34,72000.0,0.14561389645957,0.045,9976.163634999999,0.4610565987749337
BTC-31JUL26-73000-C,call,63233.42,73000.0,0.14561389645957,0.045,995.926365,0.3935416616355006
BTC-31JUL26-73000-P,put,63236.19,73000.0,0.14561389645957,0.045,10829.197537500002,0.4688223690073833
BTC-31JUL26-74000-C,call,63236.51,74000.0,0.14561389645957,0.045,869.5020125,0.3971786940767282
BTC-31JUL26-74000-P,put,63236.51,74000.0,0.14561389645957,0.045,11682.9452225,0.47502038301313404
BTC-31JUL26-75000-C,call,63239.84,75000.0,0.14561389645957,0.045,743.0681199999999,0.39802019272976935
BTC-31JUL26-75000-P,put,63239.96,75000.0,0.14561389645957,0.045,12537.32207,0.4795516369477133
BTC-31JUL26-76000-C,call,63239.8,76000.0,0.14561389645957,0.045,616.5880500000001,0.3957560604004935
BTC-31JUL26-76000-P,put,63239.8,76000.0,0.14561389645957,0.045,13391.02765,0.4813927168895417
BTC-31JUL26-77000-C,call,63238.19,77000.0,0.14561389645957,0.045,521.7150675,0.39634788266437637
BTC-31JUL26-77000-P,put,63237.29,77000.0,0.14561389645957,0.045,14354.86483,0.49809108144395026
BTC-31JUL26-78000-C,call,63232.47,78000.0,0.14561389645957,0.045,458.4354074999937,0.40119519141861826
BTC-31JUL26-78000-P,put,63229.83,78000.0,0.14561389645957,0.045,15270.003945,0.5053439947236368
BTC-31JUL26-79000-C,call,63229.83,79000.0,0.14561389645957,0.045,395.1864375,0.40386097337594545
BTC-31JUL26-79000-P,put,63228.96,79000.0,0.14561389645957,0.045,16154.99928,0.506785940811164
BTC-31JUL26-80000-C,call,63229.83,80000.0,0.14561389645957,0.045,331.95660749999365,0.40403408828113213
BTC-31JUL26-80000-P,put,63228.96,80000.0,0.14561389645957,0.045,17150.8554,0.5264897490097759
BTC-31JUL26-81000-C,call,63228.35,81000.0,0.14561389645957,0.045,303.49607999999995,0.4120153755975767
BTC-31JUL26-81000-P,put,63228.35,81000.0,0.14561389645957,0.045,18067.501012499994,0.531043964375686
BTC-31JUL26-82000-C,call,63223.79,82000.0,0.14561389645957,0.045,265.539918,0.4157994871536069
BTC-31JUL26-82000-P,put,63222.95,82000.0,0.14561389645957,0.045,19077.525162499995,0.5514501492551476
BTC-31JUL26-83000-C,call,63222.95,83000.0,0.14561389645957,0.045,233.924915,0.41994437469970397
BTC-31JUL26-83000-P,put,63223.84,83000.0,0.14561389645957,0.045,20057.763239999997,0.5668040998194769
BTC-31JUL26-84000-C,call,63224.03,84000.0,0.14561389645957,0.045,208.639299,0.42489435850477375
BTC-31JUL26-84000-P,put,63223.83,84000.0,0.14561389645957,0.045,21037.7294325,0.5814727802964301
BTC-31JUL26-85000-C,call,63217.94,85000.0,0.14561389645957,0.045,189.65382000000002,0.4312906064133248
BTC-31JUL26-85000-P,put,63211.04,85000.0,0.14561389645957,0.045,23293.26824,0.8038942972337173
BTC-31JUL26-86000-C,call,63217.42,86000.0,0.14561389645957,0.045,170.687034,0.43651881785827534
BTC-31JUL26-86000-P,put,63217.3,86000.0,0.14561389645957,0.045,24006.769675,0.7825696145633465
BTC-31JUL26-87000-C,call,63217.8,87000.0,0.14561389645957,0.045,158.0445,0.4437020489134828
BTC-31JUL26-88000-C,call,63219.42,88000.0,0.14561389645957,0.045,145.404666,0.45009165455221095
BTC-31JUL26-88000-P,put,63214.2,88000.0,0.14561389645957,0.045,25854.607799999998,0.796665655321168
BTC-31JUL26-89000-C,call,63214.2,89000.0,0.14561389645957,0.045,132.74982,0.4557775830547862
BTC-31JUL26-89000-P,put,63209.72,89000.0,0.14561389645957,0.045,26895.73586,0.8209602916707983
BTC-31JUL26-90000-C,call,63209.72,90000.0,0.14561389645957,0.045,120.09846799999369,0.4605550980395019
BTC-31JUL26-90000-P,put,63207.8,90000.0,0.14561389645957,0.045,27116.1462,0.7000160643826244
BTC-31JUL26-91000-C,call,63207.8,91000.0,0.14561389645957,0.045,113.77404,0.4684644640267058
BTC-31JUL26-91000-P,put,63205.58,91000.0,0.14561389645957,0.045,28110.681705,0.7151729995986713
BTC-31JUL26-92000-C,call,63205.58,92000.0,0.14561389645957,0.045,104.289207,0.4737281041594043
BTC-31JUL26-92000-P,put,63206.26,92000.0,0.14561389645957,0.045,29122.284295,0.7341473377070958
BTC-31JUL26-93000-C,call,63210.02,93000.0,0.14561389645957,0.045,97.97553099999999,0.48044837495520787
BTC-31JUL26-93000-P,put,63210.02,93000.0,0.14561389645957,0.045,30103.772025,0.7471739793958432
BTC-31JUL26-94000-C,call,63210.73,94000.0,0.14561389645957,0.045,91.6555585,0.48671499609045094
BTC-31JUL26-94000-P,put,63210.25,94000.0,0.14561389645957,0.045,31099.443,0.7622645525295455
BTC-31JUL26-95000-C,call,63210.25,95000.0,0.14561389645957,0.045,85.3338375,0.4924596210328646
BTC-31JUL26-95000-P,put,63211.21,95000.0,0.14561389645957,0.045,32079.689075000002,0.7739426402564749
BTC-31JUL26-96000-C,call,63211.11,96000.0,0.14561389645957,0.045,82.174443,0.5003778402549405
BTC-31JUL26-96000-P,put,63211.11,96000.0,0.14561389645957,0.045,33075.2133075,0.7884542043577119
BTC-31JUL26-98000-C,call,63211.44,98000.0,0.14561389645957,0.045,72.693156,0.5123197656131473
BTC-31JUL26-98000-P,put,63211.44,98000.0,0.14561389645957,0.045,35066.54634,0.816999321915667
BTC-31JUL26-100000-C,call,63211.81,100000.0,0.14561389645957,0.045,66.3724005,0.5257698431855549
BTC-31JUL26-100000-P,put,63212.17,100000.0,0.14561389645957,0.045,37058.13466249999,0.8448736441579666
BTC-31JUL26-102000-C,call,63212.08,102000.0,0.14561389645957,0.045,63.21208,0.5415132489925479
BTC-31JUL26-102000-P,put,63212.08,102000.0,0.14561389645957,0.045,39080.86846,0.8788599221114834
BTC-31JUL26-104000-C,call,63213.54,104000.0,0.14561389645957,0.045,56.892186,0.5526231396769696
BTC-31JUL26-104000-P,put,63213.63,104000.0,0.14561389645957,0.045,41073.0560925,0.9056591701443459
BTC-31JUL26-105000-C,call,63215.99,105000.0,0.14561389645957,0.045,56.894391,0.5616466055227001
BTC-31JUL26-105000-P,put,63216.13,105000.0,0.14561389645957,0.045,42054.5304825,0.9158176119165842
BTC-31JUL26-106000-C,call,63216.17,106000.0,0.14561389645957,0.045,47.4121275,0.5578546423655042
BTC-31JUL26-108000-C,call,63215.64,108000.0,0.14561389645957,0.045,50.57251199999367,0.5796778351974644
BTC-31JUL26-110000-C,call,63213.69,110000.0,0.14561389645957,0.045,47.4102675,0.5920592828396796
BTC-31JUL26-115000-C,call,63213.56,115000.0,0.14561389645957,0.045,34.767458,0.6104992399139871
BTC-31JUL26-120000-C,call,63213.26,120000.0,0.14561389645957,0.045,34.767293,0.6479124383275245
BTC-28AUG26-46000-C,call,63377.6,46000.0,0.2223262252266933,0.045,18125.993599999998,0.44967038679538196
BTC-28AUG26-46000-P,put,63377.6,46000.0,0.2223262252266933,0.045,744.6868,0.5672784693006625
BTC-28AUG26-48000-C,call,63377.67,48000.0,0.2223262252266933,0.045,16335.594442499998,0.45311143305564144
BTC-28AUG26-48000-P,put,63377.67,48000.0,0.2223262252266933,0.045,950.66505,0.5497978134523314
BTC-28AUG26-50000-C,call,63377.09,50000.0,0.2223262252266933,0.045,14560.8864275,0.4446834786582672
BTC-28AUG26-50000-P,put,63378.73,50000.0,0.2223262252266933,0.045,1188.3511875,0.5304618648821627
BTC-28AUG26-52000-C,call,63386.5,52000.0,0.2223262252266933,0.045,12027.588374999994,0.25782302678290286
BTC-28AUG26-52000-P,put,63386.5,52000.0,0.2223262252266933,0.045,1489.58275,0.5134864141696123
BTC-28AUG26-53000-C,call,63386.5,53000.0,0.2223262252266933,0.045,11726.5025,0.38629718425288145
BTC-28AUG26-53000-P,put,63385.81,53000.0,0.2223262252266933,0.045,1695.5704174999998,0.5091722822922407
BTC-28AUG26-54000-C,call,63379.35,54000.0,0.2223262252266933,0.045,11265.679462499998,0.4338600619806096
BTC-28AUG26-54000-P,put,63379.35,54000.0,0.2223262252266933,0.045,1901.3805,0.5022980420771759
BTC-28AUG26-55000-C,call,63372.03,55000.0,0.2223262252266933,0.045,10503.9139725,0.43262557689230463
BTC-28AUG26-55000-P,put,63365.25,55000.0,0.2223262252266933,0.045,2138.5771875,0.4966380244019822
BTC-28AUG26-56000-C,call,63365.25,56000.0,0.2223262252266933,0.045,9742.407187499999,0.4282967324983337
BTC-28AUG26-56000-P,put,63364.83,56000.0,0.2223262252266933,0.045,2392.0223325,0.49077430366358515
BTC-28AUG26-57000-C,call,63356.72,57000.0,0.2223262252266933,0.045,9060.01096,0.42979566253053253
BTC-28AUG26-57000-P,put,63356.72,57000.0,0.2223262252266933,0.045,2676.821419999994,0.48567837374468514
BTC-28AUG26-58000-C,call,63354.34,58000.0,0.2223262252266933,0.045,8362.77288,0.42610698131178043
BTC-28AUG26-58000-P,put,63353.66,58000.0,0.2223262252266933,0.045,2977.6220200000002,0.4799676824945096
BTC-28AUG26-59000-C,call,63352.35,59000.0,0.2223262252266933,0.045,7697.310525,0.42276399651346847
BTC-28AUG26-59000-P,put,63352.35,59000.0,0.2223262252266933,0.045,3310.1602875,0.47503947643148803
BTC-28AUG26-60000-C,call,63352.35,60000.0,0.2223262252266933,0.045,7063.787025,0.4195549545453698
BTC-28AUG26-60000-P,put,63348.84,60000.0,0.2223262252266933,0.045,3690.0699299999933,0.47204723645194213
BTC-28AUG26-61000-C,call,63346.95,61000.0,0.2223262252266933,0.045,6461.388899999999,0.416755136783685
BTC-28AUG26-61000-P,put,63346.95,61000.0,0.2223262252266933,0.045,4085.878275,0.46809600410392344
BTC-28AUG26-62000-C,call,63344.4,62000.0,0.2223262252266933,0.045,5906.8653,0.4152581227415543
BTC-28AUG26-62000-P,put,63336.92,62000.0,0.2223262252266933,0.045,4512.75555,0.46420520056156916
BTC-28AUG26-63000-C,call,63336.92,63000.0,0.2223262252266933,0.045,5367.80397,0.4126008577082823
BTC-28AUG26-63000-P,put,63336.92,63000.0,0.2223262252266933,0.045,4987.78245,0.4624016286184457
BTC-28AUG26-64000-C,call,63333.02,64000.0,0.2223262252266933,0.045,4844.97603,0.4084698055754653
BTC-28AUG26-64000-P,put,63335.68,64000.0,0.2223262252266933,0.045,5478.536319999999,0.45949986213417326
BTC-28AUG26-65000-C,call,63332.83,65000.0,0.2223262252266933,0.045,4401.631685,0.4082200109401257
BTC-28AUG26-65000-P,put,63317.48,65000.0,0.2223262252266933,0.045,6015.1606,0.4574188407243128
BTC-28AUG26-66000-C,call,63317.13,66000.0,0.2223262252266933,0.045,3941.4913425,0.40456070814538747
BTC-28AUG26-66000-P,put,63317.13,66000.0,0.2223262252266933,0.045,6584.981519999999,0.4564948852421124
BTC-28AUG26-67000-C,call,63317.13,67000.0,0.2223262252266933,0.045,3545.7592799999998,0.4030821096606887
BTC-28AUG26-67000-P,put,63315.59,67000.0,0.2223262252266933,0.045,7170.4905675,0.4545614521467716
BTC-28AUG26-68000-C,call,63318.27,68000.0,0.2223262252266933,0.045,3165.9135,0.4003743776714897
BTC-28AUG26-68000-P,put,63315.59,68000.0,0.2223262252266933,0.045,7819.475364999999,0.4558557639658008
BTC-28AUG26-69000-C,call,63312.02,69000.0,0.2223262252266933,0.045,2833.2128949999997,0.39949004063786975
BTC-28AUG26-69000-P,put,63311.24,69000.0,0.2223262252266933,0.045,8483.70616,0.456112075630492
BTC-28AUG26-70000-C,call,63311.24,70000.0,0.2223262252266933,0.045,2532.4496,0.3988168616474821
BTC-28AUG26-70000-P,put,63311.16,70000.0,0.2223262252266933,0.045,9195.94599,0.45871378861316886
BTC-28AUG26-71000-C,call,63308.09,71000.0,0.2223262252266933,0.045,2247.4371949999995,0.3972643440474905
BTC-28AUG26-71000-P,put,63308.09,71000.0,0.2223262252266933,0.045,10050.159287499999,0.4719549152295544
BTC-28AUG26-72000-C,call,63304.95,72000.0,0.2223262252266933,0.045,1994.1059249999998,0.39632687939593025
BTC-28AUG26-72000-P,put,63297.78,72000.0,0.2223262252266933,0.045,10681.500375,0.46290470378404425
BTC-28AUG26-73000-C,call,63297.76,73000.0,0.2223262252266933,0.045,1772.3372800000002,0.3963231475624195
BTC-28AUG26-73000-P,put,63297.76,73000.0,0.2223262252266933,0.045,10728.97032,0.39440100873647105
BTC-28AUG26-74000-C,call,63289.05,74000.0,0.2223262252266933,0.045,1582.2262500000002,0.39745886133547964
BTC-28AUG26-74000-P,put,63297.78,74000.0,0.2223262252266933,0.045,11409.424845,0.38234420548199405
BTC-28AUG26-75000-C,call,63297.78,75000.0,0.2223262252266933,0.045,1392.55116,0.39610192010159617
BTC-28AUG26-75000-P,put,63298.11,75000.0,0.2223262252266933,0.045,13086.8842425,0.47421932507129094
BTC-28AUG26-76000-C,call,63294.94,76000.0,0.2223262252266933,0.045,1234.25133,0.3965001173794206
BTC-28AUG26-76000-P,put,63295.1,76000.0,0.2223262252266933,0.045,14273.04505,0.5138837617471907
BTC-28AUG26-77000-C,call,63295.1,77000.0,0.2223262252266933,0.045,1107.66425,0.3987687766622911
BTC-28AUG26-77000-P,put,63292.21,77000.0,0.2223262252266933,0.045,15126.838189999999,0.5194659271615609
BTC-28AUG26-78000-C,call,63292.21,78000.0,0.2223262252266933,0.045,981.029255,0.3993636877786697
BTC-28AUG26-78000-P,put,63288.86,78000.0,0.2223262252266933,0.045,15996.259364999998,0.52550706985184
BTC-28AUG26-79000-C,call,63291.18,79000.0,0.2223262252266933,0.045,870.253725,0.4002690545118084
BTC-28AUG26-79000-P,put,63291.18,79000.0,0.2223262252266933,0.045,16882.922265,0.5328289774463926
BTC-28AUG26-80000-C,call,63295.82,80000.0,0.2223262252266933,0.045,775.373795,0.4016746145942332
BTC-28AUG26-80000-P,put,63300.95,80000.0,0.2223262252266933,0.045,17771.7417125,0.5401224953932872
BTC-28AUG26-81000-C,call,63304.99,81000.0,0.2223262252266933,0.045,696.35489,0.4039213913049906
BTC-28AUG26-81000-P,put,63304.99,81000.0,0.2223262252266933,0.045,18674.972049999997,0.5477147034605778
BTC-28AUG26-82000-C,call,63305.34,82000.0,0.2223262252266933,0.045,633.0534,0.40761902032620795
BTC-28AUG26-82000-P,put,63305.79,82000.0,0.2223262252266933,0.045,19593.142005,0.5559802487611991
BTC-28AUG26-83000-C,call,63305.79,83000.0,0.2223262252266933,0.045,569.75211,0.41010522420653683
BTC-28AUG26-83000-P,put,63303.29,83000.0,0.2223262252266933,0.045,19845.581415,0.47583151134892643
BTC-28AUG26-84000-C,call,63298.42,84000.0,0.2223262252266933,0.045,506.38736,0.41140508137718884
BTC-28AUG26-84000-P,put,63298.42,84000.0,0.2223262252266933,0.045,20825.180179999992,0.48810529471897085
BTC-28AUG26-85000-C,call,63296.98,85000.0,0.2223262252266933,0.045,443.0788599999937,0.41111615941111895
BTC-28AUG26-85000-P,put,63294.55,85000.0,0.2223262252266933,0.045,21931.561575,0.518907646560898
BTC-28AUG26-86000-C,call,63293.06,86000.0,0.2223262252266933,0.045,411.40488999999997,0.4164983379538488
BTC-28AUG26-86000-P,put,63292.99,86000.0,0.2223262252266933,0.045,22785.4764,0.5122465065105924
BTC-28AUG26-88000-C,call,63292.99,88000.0,0.2223262252266933,0.045,348.11144499999995,0.4247826117798129
BTC-28AUG26-88000-P,put,63293.13,88000.0,0.2223262252266933,0.045,24953.316502499998,0.567673658312801
BTC-28AUG26-90000-C,call,63293.13,90000.0,0.2223262252266933,0.045,287.9837415,0.4304850914714028
BTC-28AUG26-90000-P,put,63286.34,90000.0,0.2223262252266933,0.045,27165.661445,0.6268749775187543
BTC-28AUG26-92000-C,call,63281.45,92000.0,0.2223262252266933,0.045,243.6335825,0.43778283045915406
BTC-28AUG26-92000-P,put,63281.45,92000.0,0.2223262252266933,0.045,28967.083737499997,0.6260930801796262
BTC-28AUG26-94000-C,call,63279.36,94000.0,0.2223262252266933,0.045,211.98585599999367,0.44660441364121417
BTC-28AUG26-94000-P,put,63276.48,94000.0,0.2223262252266933,0.045,31195.304640000002,0.6868924388781136
BTC-28AUG26-95000-C,call,63276.79,95000.0,0.2223262252266933,0.045,196.158049,0.45018030093914213
BTC-28AUG26-95000-P,put,63276.79,95000.0,0.2223262252266933,0.045,32176.247714999998,0.6979467875606148
BTC-28AUG26-96000-C,call,63275.61,96000.0,0.2223262252266933,0.045,183.499269,0.4544416536253884
BTC-28AUG26-96000-P,put,63279.57,96000.0,0.2223262252266933,0.045,34139.328015,0.8370069184498627
BTC-28AUG26-98000-C,call,63279.57,98000.0,0.2223262252266933,0.045,161.36290350000002,0.462808848186415
BTC-28AUG26-98000-P,put,63278.79,98000.0,0.2223262252266933,0.045,34961.531475,0.7058275005392934
BTC-28AUG26-100000-C,call,63277.4,100000.0,0.2223262252266933,0.045,142.37415,0.47097565441967837
BTC-28AUG26-100000-P,put,63277.34,100000.0,0.2223262252266933,0.045,37017.243899999994,0.7399907717521211
BTC-28AUG26-105000-C,call,63277.34,105000.0,0.2223262252266933,0.045,110.735345,0.4935475935492698
BTC-28AUG26-105000-P,put,63277.67,105000.0,0.2223262252266933,0.045,42032.1922975,0.8040374964509871
BTC-28AUG26-110000-C,call,63283.1,110000.0,0.2223262252266933,0.045,88.59634,0.5151022804957333
BTC-28AUG26-110000-P,put,63284.79,110000.0,0.2223262252266933,0.045,46988.956575000004,0.8564548727881431
BTC-25SEP26-30000-P,put,63480.19,30000.0,0.2990385539938166,0.045,193.61457949999365,0.7370659880309596
BTC-25SEP26-35000-P,put,63482.36,35000.0,0.2990385539938166,0.045,349.15297999999996,0.6736690285083239
BTC-25SEP26-40000-C,call,63480.33,40000.0,0.2990385539938166,0.045,24043.1749875,0.3642919086662087
BTC-25SEP26-40000-P,put,63475.96,40000.0,0.2990385539938166,0.045,571.28364,0.6093115420636376
BTC-25SEP26-45000-C,call,63476.35,45000.0,0.2990385539938166,0.045,19439.6321875,0.43388161218154625
BTC-25SEP26-45000-P,put,63476.35,45000.0,0.2990385539938166,0.045,952.1452499999999,0.5573632260949273
BTC-25SEP26-50000-C,call,63475.3,50000.0,0.2990385539938166,0.045,15107.1214,0.43202004368029917
BTC-25SEP26-50000-P,put,63475.24,50000.0,0.2990385539938166,0.045,1634.48743,0.5208003600429306
BTC-25SEP26-55000-C,call,63474.43,55000.0,0.2990385539938166,0.045,11219.105502499999,0.4232974902214502
BTC-25SEP26-55000-P,put,63474.26,55000.0,0.2990385539938166,0.045,2729.39318,0.49230285361020976
BTC-25SEP26-56000-C,call,63476.4,56000.0,0.2990385539938166,0.045,10489.475100000001,0.41944830224909113
BTC-25SEP26-56000-P,put,63478.71,56000.0,0.2990385539938166,0.045,3015.238725,0.48802557240508926
BTC-25SEP26-58000-C,call,63478.71,58000.0,0.2990385539938166,0.045,9156.8039175,0.41676781314039096
BTC-25SEP26-58000-P,put,63477.09,58000.0,0.2990385539938166,0.045,3665.8019475,0.48068374330322317
BTC-25SEP26-60000-C,call,63480.11,60000.0,0.2990385539938166,0.045,7919.1437225,0.41322288310396676
BTC-25SEP26-60000-P,put,63480.11,60000.0,0.2990385539938166,0.045,4427.7376725,0.4753106316310165
BTC-25SEP26-62000-C,call,63480.11,62000.0,0.2990385539938166,0.045,6776.5017425,0.40876511690875683
BTC-25SEP26-62000-P,put,63483.96,62000.0,0.2990385539938166,0.045,5285.03967,0.4701674570600995
BTC-25SEP26-64000-C,call,63485.38,64000.0,0.2990385539938166,0.045,5761.298234999999,0.4054725329445341
BTC-25SEP26-64000-P,put,63485.38,64000.0,0.2990385539938166,0.045,6269.181275,0.4673734204474991
BTC-25SEP26-65000-C,call,63480.26,65000.0,0.2990385539938166,0.045,5316.471775000001,0.40572089509221726
BTC-25SEP26-65000-P,put,63477.57,65000.0,0.2990385539938166,0.045,6807.9693824999995,0.466506351141542
BTC-25SEP26-66000-C,call,63472.03,66000.0,0.2990385539938166,0.045,4871.4783025,0.40410006162428824
BTC-25SEP26-66000-P,put,63472.03,66000.0,0.2990385539938166,0.045,7378.6234875,0.4663129748694789
BTC-25SEP26-68000-C,call,63472.06,68000.0,0.2990385539938166,0.045,4078.079855,0.4015526123956816
BTC-25SEP26-68000-P,put,63471.66,68000.0,0.2990385539938166,0.045,8584.542015,0.4660634397511174
BTC-25SEP26-70000-C,call,63471.66,70000.0,0.2990385539938166,0.045,3395.73381,0.3998486723065025
BTC-25SEP26-70000-P,put,63471.31,70000.0,0.2990385539938166,0.045,9917.3921875,0.4688576037662705
BTC-25SEP26-72000-C,call,63474.81,72000.0,0.2990385539938166,0.045,2824.6290449999997,0.3995111472478272
BTC-25SEP26-72000-P,put,63474.98,72000.0,0.2990385539938166,0.045,11282.677695,0.46843788945849185
BTC-25SEP26-74000-C,call,63479.12,74000.0,0.2990385539938166,0.045,2332.85766,0.3988819896701297
BTC-25SEP26-74000-P,put,63479.65,74000.0,0.2990385539938166,0.045,12791.149475000002,0.4736146758452755
BTC-25SEP26-75000-C,call,63480.13,75000.0,0.2990385539938166,0.045,2126.584355,0.39956239780976016
BTC-25SEP26-75000-P,put,63480.09,75000.0,0.2990385539938166,0.045,13568.8692375,0.4761434943005705
BTC-25SEP26-76000-C,call,63480.28,76000.0,0.2990385539938166,0.045,1936.14854,0.4001867614600907
BTC-25SEP26-76000-P,put,63479.92,76000.0,0.2990385539938166,0.045,14394.07186,0.48137129055694766
BTC-25SEP26-78000-C,call,63485.99,78000.0,0.2990385539938166,0.045,1571.2782525,0.3984137544781288
BTC-25SEP26-78000-P,put,63485.99,78000.0,0.2990385539938166,0.045,16030.212475,0.4880546819536733
BTC-25SEP26-80000-C,call,63482.54,80000.0,0.2990385539938166,0.045,1317.262705,0.40230843691371543
BTC-25SEP26-80000-P,put,63480.05,80000.0,0.2990385539938166,0.045,17758.5439875,0.49827629563675796
BTC-25SEP26-82000-C,call,63479.56,82000.0,0.2990385539938166,0.045,1079.15252,0.4031148634781337
BTC-25SEP26-82000-P,put,63477.61,82000.0,0.2990385539938166,0.045,19535.234477499995,0.5100510117775745
BTC-25SEP26-84000-C,call,63477.2,84000.0,0.2990385539938166,0.045,904.5501,0.40691276435307144
BTC-25SEP26-84000-P,put,63472.3,84000.0,0.2990385539938166,0.045,21358.42895,0.5234581326655456
BTC-25SEP26-85000-C,call,63472.3,85000.0,0.2990385539938166,0.045,825.1399,0.4083952333152289
BTC-25SEP26-85000-P,put,63468.25,85000.0,0.2990385539938166,0.045,22277.35575,0.5299312650547419
BTC-25SEP26-86000-C,call,63468.04,86000.0,0.2990385539938166,0.045,761.61648,0.4111404540614231
BTC-25SEP26-86000-P,put,63468.61,86000.0,0.2990385539938166,0.045,23642.057225,0.5805290725290527
BTC-25SEP26-88000-C,call,63470.09,88000.0,0.2990385539938166,0.045,634.7008999999999,0.4138675244961311
BTC-25SEP26-88000-P,put,63470.17,88000.0,0.2990385539938166,0.045,25499.1407975,0.595485576114735
BTC-25SEP26-90000-C,call,63467.46,90000.0,0.2990385539938166,0.045,539.4734100000001,0.4184854651872962
BTC-25SEP26-90000-P,put,63467.46,90000.0,0.2990385539938166,0.045,27068.87169,0.5780820954868829
BTC-25SEP26-92000-C,call,63466.98,92000.0,0.2990385539938166,0.045,476.00235,0.4262365868337665
BTC-25SEP26-92000-P,put,63460.37,92000.0,0.2990385539938166,0.045,29334.5560325,0.6323125914503562
BTC-25SEP26-94000-C,call,63460.37,94000.0,0.2990385539938166,0.045,412.492405,0.43187602627361504
BTC-25SEP26-94000-P,put,63460.35,94000.0,0.2990385539938166,0.045,31270.0874625,0.6513300978204388
BTC-25SEP26-95000-C,call,63458.73,95000.0,0.2990385539938166,0.045,380.75238,0.43377143987951516
BTC-25SEP26-95000-P,put,63458.73,95000.0,0.2990385539938166,0.045,31840.417777500003,0.6155096574269558
BTC-25SEP26-96000-C,call,63458.73,96000.0,0.2990385539938166,0.045,349.023015,0.43498453749838056
BTC-25SEP26-96000-P,put,63455.84,96000.0,0.2990385539938166,0.045,33203.26828,0.6687456191219812
BTC-25SEP26-98000-C,call,63454.95,98000.0,0.2990385539938166,0.045,320.4474975,0.4447320558369289
BTC-25SEP26-98000-P,put,63454.04,98000.0,0.2990385539938166,0.045,35185.26518,0.6909346404263355
BTC-25SEP26-100000-C,call,63455.97,100000.0,0.2990385539938166,0.045,272.860671,0.4476510598295887
BTC-25SEP26-100000-P,put,63456.15,100000.0,0.2990385539938166,0.045,36741.11085,0.6627694511020268
BTC-25SEP26-102000-C,call,63441.44,102000.0,0.2990385539938166,0.045,241.077472,0.4534873643002858
BTC-25SEP26-102000-P,put,63438.52,102000.0,0.2990385539938166,0.045,39078.12832,0.7240888590979018
BTC-25SEP26-105000-C,call,63414.96,105000.0,0.2990385539938166,0.045,206.09861999999998,0.46382968297000815
BTC-25SEP26-105000-P,put,63415.04,105000.0,0.2990385539938166,0.045,41647.82752,0.7023206635258107
BTC-25SEP26-110000-C,call,63415.95,110000.0,0.2990385539938166,0.045,155.36907749999997,0.4770681407623779
BTC-25SEP26-110000-P,put,63417.47,110000.0,0.2990385539938166,0.045,46595.9860825,0.7485764581440795
BTC-25SEP26-115000-C,call,63417.0,115000.0,0.2990385539938166,0.045,126.834,0.4940263788996131
BTC-25SEP26-120000-C,call,63413.66,120000.0,0.2990385539938166,0.045,104.63253900000001,0.5098345294829812
BTC-25SEP26-120000-P,put,63413.64,120000.0,0.2990385539938166,0.045,56644.23393,0.8528874944807493
BTC-25SEP26-125000-C,call,63412.0,125000.0,0.2990385539938166,0.045,95.118,0.5305421108155935
BTC-25SEP26-125000-P,put,63408.46,125000.0,0.2990385539938166,0.045,61950.06542,0.9376821419787442
BTC-25SEP26-130000-C,call,63409.37,130000.0,0.2990385539938166,0.045,82.432181,0.546382031498328
BTC-25SEP26-135000-C,call,63405.25,135000.0,0.2990385539938166,0.045,72.9160375,0.5622360683603361
BTC-25SEP26-140000-C,call,63399.38,140000.0,0.2990385539938166,0.045,66.56934899999999,0.5789886442135284
BTC-25SEP26-145000-C,call,63404.18,145000.0,0.2990385539938166,0.045,57.063762,0.5902347935401775
BTC-25SEP26-150000-C,call,63401.07,150000.0,0.2990385539938166,0.045,50.72085599999366,0.6029976424279617
BTC-25SEP26-155000-C,call,63404.85,155000.0,0.2990385539938166,0.045,47.5536375,0.618295960488086
BTC-25SEP26-160000-C,call,63418.57,160000.0,0.2990385539938166,0.045,44.392998999999996,0.6323513982684604
BTC-25SEP26-165000-C,call,63417.35,165000.0,0.2990385539938166,0.045,38.05040999999999,0.6401156389495828
BTC-25SEP26-170000-C,call,63417.35,170000.0,0.2990385539938166,0.045,38.05040999999999,0.6573428547603428
BTC-25SEP26-175000-C,call,63418.83,175000.0,0.2990385539938166,0.045,31.709415,0.6618520164173235
BTC-25SEP26-180000-C,call,63418.55,180000.0,0.2990385539938166,0.045,25.36741999999366,0.6633885435668985
BTC-25DEC26-30000-P,put,64091.08,30000.0,0.5483536224869673,0.045,480.68309999999997,0.6610452906200299
BTC-25DEC26-35000-P,put,64098.27,35000.0,0.5483536224869673,0.045,801.228375,0.6158848380067501
BTC-25DEC26-40000-C,call,64102.39,40000.0,0.5483536224869673,0.045,25384.546440000002,0.405998119377809
BTC-25DEC26-40000-P,put,64102.39,40000.0,0.5483536224869673,0.045,1266.0222025,0.5754814013321772
BTC-25DEC26-45000-C,call,64107.59,45000.0,0.5483536224869673,0.045,21091.397109999998,0.4201108213405308
BTC-25DEC26-45000-P,put,64111.62,45000.0,0.5483536224869673,0.045,1971.432315,0.5442623263134887
BTC-25DEC26-50000-C,call,64121.47,50000.0,0.5483536224869673,0.045,17120.432490000003,0.41809485455602263
BTC-25DEC26-50000-P,put,64124.5,50000.0,0.5483536224869673,0.045,2997.820375,0.5204151370741131
BTC-25DEC26-52000-P,put,64125.52,52000.0,0.5483536224869673,0.045,1923.7655999999997,0.38953576270943
BTC-25DEC26-54000-C,call,64125.57,54000.0,0.5483536224869673,0.045,14267.939325,0.41648854260698664
BTC-25DEC26-54000-P,put,64125.16,54000.0,0.5483536224869673,0.045,4136.07282,0.5079066389679567
BTC-25DEC26-55000-C,call,64124.82,55000.0,0.5483536224869673,0.045,13594.46184,0.4154824693845578
BTC-25DEC26-55000-P,put,64125.34,55000.0,0.5483536224869673,0.045,4456.711130000001,0.5047253344542383
BTC-25DEC26-56000-C,call,64126.43,56000.0,0.5483536224869673,0.045,12953.53886,0.41520569472037966
BTC-25DEC26-56000-P,put,64126.54,56000.0,0.5483536224869673,0.045,4825.522135,0.5036736278743659
BTC-25DEC26-58000-C,call,64126.54,58000.0,0.5483536224869673,0.045,11703.09355,0.4128802705374835
BTC-25DEC26-58000-P,put,64123.19,58000.0,0.5483536224869673,0.045,5594.7483274999995,0.5002786057324308
BTC-25DEC26-60000-C,call,64123.34,60000.0,0.5483536224869673,0.045,10548.28943,0.41159148871656115
BTC-25DEC26-60000-P,put,64123.34,60000.0,0.5483536224869673,0.045,6428.364835,0.49683630111157717
BTC-25DEC26-62000-C,call,64123.34,62000.0,0.5483536224869673,0.045,9474.223484999999,0.41010545587067476
BTC-25DEC26-62000-P,put,64123.36,62000.0,0.5483536224869673,0.045,7342.124720000001,0.49419946352205407
BTC-25DEC26-64000-C,call,64124.49,64000.0,0.5483536224869673,0.045,8496.494925,0.4094361723052157
BTC-25DEC26-64000-P,put,64124.49,64000.0,0.5483536224869673,0.045,8352.2148225,0.4932561739688456
BTC-25DEC26-65000-C,call,64128.61,65000.0,0.5483536224869673,0.045,8032.1084025,0.40870006536533354
BTC-25DEC26-65000-P,put,64128.94,65000.0,0.5483536224869673,0.045,8897.890425000001,0.493734689147943
BTC-25DEC26-66000-C,call,64136.26,66000.0,0.5483536224869673,0.045,7584.112744999999,0.40770853832189546
BTC-25DEC26-66000-P,put,64143.6,66000.0,0.5483536224869673,0.045,9445.1451,0.49366603045742635
BTC-25DEC26-68000-C,call,64141.46,68000.0,0.5483536224869673,0.045,6766.92403,0.40721531870067434
BTC-25DEC26-68000-P,put,64138.93,68000.0,0.5483536224869673,0.045,10631.027647500001,0.49511597723141576
BTC-25DEC26-70000-C,call,64139.31,70000.0,0.5483536224869673,0.045,6029.095139999999,0.40725190139428885
BTC-25DEC26-70000-P,put,64139.31,70000.0,0.5483536224869673,0.045,11865.77235,0.4960673093145854
BTC-25DEC26-72000-C,call,64143.73,72000.0,0.5483536224869673,0.045,5356.0014550000005,0.40689125918321717
BTC-25DEC26-72000-P,put,64143.89,72000.0,0.5483536224869673,0.045,13197.605367499998,0.4992618528098546
BTC-25DEC26-74000-C,call,64143.89,74000.0,0.5483536224869673,0.045,4730.611887499999,0.40570351097766627
BTC-25DEC26-74000-P,put,64143.89,74000.0,0.5483536224869673,0.045,14496.51914,0.4977724781580114
BTC-25DEC26-76000-C,call,64154.06,76000.0,0.5483536224869673,0.045,4202.09093,0.4062901704037274
BTC-25DEC26-76000-P,put,64159.23,76000.0,0.5483536224869673,0.045,16023.767692500001,0.5063289190653188
BTC-25DEC26-78000-C,call,64159.23,78000.0,0.5483536224869673,0.045,3721.23534,0.4065801573678572
BTC-25DEC26-78000-P,put,64159.23,78000.0,0.5483536224869673,0.045,17579.629020000004,0.5136767407786264
BTC-25DEC26-80000-C,call,64175.63,80000.0,0.5483536224869673,0.045,3321.0888524999996,0.4084609825323817
BTC-25DEC26-80000-P,put,64175.63,80000.0,0.5483536224869673,0.045,19140.3816475,0.5197313675530388
BTC-25DEC26-82000-C,call,64174.97,82000.0,0.5483536224869673,0.045,2919.961135,0.40788089353381657
BTC-25DEC26-82000-P,put,64175.79,82000.0,0.5483536224869673,0.045,20760.868065000002,0.5266103743855077
BTC-25DEC26-84000-C,call,64172.21,84000.0,0.5483536224869673,0.045,2598.974505,0.4097295855547869
BTC-25DEC26-84000-P,put,64172.21,84000.0,0.5483536224869673,0.045,22444.2304475,0.5351658420718999
BTC-25DEC26-85000-C,call,64170.76,85000.0,0.5483536224869673,0.045,2454.53157,0.41081061500325683
BTC-25DEC26-85000-P,put,64170.27,85000.0,0.5483536224869673,0.045,23277.7654425,0.5383627734729637
BTC-25DEC26-86000-C,call,64170.27,86000.0,0.5483536224869673,0.045,2294.0871525,0.41019921713093244
BTC-25DEC26-86000-P,put,64170.89,86000.0,0.5483536224869673,0.045,24705.79265,0.5758385934204857
BTC-25DEC26-88000-C,call,64170.48,88000.0,0.5483536224869673,0.045,2053.45536,0.4128195585308597
BTC-25DEC26-88000-P,put,64167.99,88000.0,0.5483536224869673,0.045,26437.21188,0.5848618589457028
BTC-25DEC26-90000-C,call,64167.99,90000.0,0.5483536224869673,0.045,1828.787715,0.4146048415834576
BTC-25DEC26-90000-P,put,64167.99,90000.0,0.5483536224869673,0.045,27656.40369,0.5618026887890931
BTC-25DEC26-92000-C,call,64167.41,92000.0,0.5483536224869673,0.045,1620.2271025000002,0.4155910117115333
BTC-25DEC26-92000-P,put,64167.5,92000.0,0.5483536224869673,0.045,30030.389999999996,0.6073031776521166
BTC-25DEC26-94000-C,call,64167.5,94000.0,0.5483536224869673,0.045,1459.810625,0.4186828536467721
BTC-25DEC26-94000-P,put,64166.58,94000.0,0.5483536224869673,0.045,31842.665324999994,0.6179374946534542
BTC-25DEC26-95000-C,call,64162.47,95000.0,0.5483536224869673,0.045,1363.4524874999936,0.41822526130713045
BTC-25DEC26-95000-P,put,64162.47,95000.0,0.5483536224869673,0.045,32257.681792500003,0.5918535264420993
BTC-25DEC26-96000-C,call,64161.93,96000.0,0.5483536224869673,0.045,1315.319565,0.4216386889013725
BTC-25DEC26-96000-P,put,64161.93,96000.0,0.5483536224869673,0.045,33701.0537325,0.6303722399054963
BTC-25DEC26-98000-C,call,64155.2,98000.0,0.5483536224869673,0.045,1170.8323999999998,0.42300395741488794
BTC-25DEC26-98000-P,put,64154.48,98000.0,0.5483536224869673,0.045,35541.581920000004,0.6407688279760849
BTC-25DEC26-100000-C,call,64154.48,100000.0,0.5483536224869673,0.045,1058.5489200000002,0.42594641983441345
BTC-25DEC26-100000-P,put,64151.16,100000.0,0.5483536224869673,0.045,36886.917,0.6181409632410122
BTC-25DEC26-102000-C,call,64152.75,102000.0,0.5483536224869673,0.045,962.29125,0.4292893647987443
BTC-25DEC26-102000-P,put,64152.75,102000.0,0.5483536224869673,0.045,39341.6739375,0.6676566754051033
BTC-25DEC26-104000-C,call,64153.46,104000.0,0.5483536224869673,0.045,866.0717099999999,0.4313459693722943
BTC-25DEC26-104000-P,put,64153.46,104000.0,0.5483536224869673,0.045,41250.67478,0.6808783151897524
BTC-25DEC26-105000-C,call,64153.46,105000.0,0.5483536224869673,0.045,833.9949799999999,0.43384518815443224
BTC-25DEC26-105000-P,put,64153.86,105000.0,0.5483536224869673,0.045,41651.893605,0.6500461502742783
BTC-25DEC26-106000-C,call,64154.01,106000.0,0.5483536224869673,0.045,801.9251250000001,0.4361133487893497
BTC-25DEC26-106000-P,put,64154.01,106000.0,0.5483536224869673,0.045,43159.6102275,0.693558620131929
BTC-25DEC26-108000-C,call,64150.53,108000.0,0.5483536224869673,0.045,721.6934625,0.43785796539589733
BTC-25DEC26-108000-P,put,64150.53,108000.0,0.5483536224869673,0.045,45081.7849575,0.7064213214961634
BTC-25DEC26-110000-C,call,64139.84,110000.0,0.5483536224869673,0.045,673.4683199999936,0.4430044223236745
BTC-25DEC26-110000-P,put,64143.68,110000.0,0.5483536224869673,0.045,46488.13208,0.6830523148790335
BTC-25DEC26-115000-C,call,64134.64,115000.0,0.5483536224869673,0.045,545.14444,0.45097539332387204
BTC-25DEC26-115000-P,put,64134.64,115000.0,0.5483536224869673,0.045,51868.8901,0.7518695922737855
BTC-25DEC26-120000-C,call,64130.55,120000.0,0.5483536224869673,0.045,464.94648749999357,0.46230385918652606
BTC-25DEC26-120000-P,put,64130.55,120000.0,0.5483536224869673,0.045,56771.5693875,0.7857500130959257
BTC-25DEC26-125000-C,call,64132.73,125000.0,0.5483536224869673,0.045,384.79638,0.4697580397576509
BTC-25DEC26-125000-P,put,64133.16,125000.0,0.5483536224869673,0.045,61712.13321000001,0.8207667834047921
BTC-25DEC26-130000-C,call,64134.14,130000.0,0.5483536224869673,0.045,323.877407,0.47762623351403366
BTC-25DEC26-130000-P,put,64134.14,130000.0,0.5483536224869673,0.045,66619.33792499999,0.8517102724767415
BTC-25DEC26-135000-C,call,64134.8,135000.0,0.5483536224869673,0.045,282.19312,0.487254561446472
BTC-25DEC26-135000-P,put,64135.26,135000.0,0.5483536224869673,0.045,71590.983975,0.885752359004344
BTC-25DEC26-140000-C,call,64134.8,140000.0,0.5483536224869673,0.045,246.91898000000003,0.49626620968238494
BTC-25DEC26-140000-P,put,64136.71,140000.0,0.5483536224869673,0.045,76563.1975625,0.918548026462176
BTC-25DEC26-150000-C,call,64133.63,150000.0,0.5483536224869673,0.045,202.02093449999998,0.5166836918816754
BTC-25DEC26-150000-P,put,64133.63,150000.0,0.5483536224869673,0.045,86516.26686999999,0.9809546480526772
BTC-25DEC26-160000-C,call,64110.0,160000.0,0.5483536224869673,0.045,163.4805,0.533483564234324
BTC-25DEC26-170000-C,call,64108.87,170000.0,0.5483536224869673,0.045,147.450401,0.5552773974217213
BTC-25DEC26-180000-C,call,64097.59,180000.0,0.5483536224869673,0.045,115.37566199999999,0.564961717993055
BTC-25DEC26-190000-C,call,64097.3,190000.0,0.5483536224869673,0.045,96.14595000000001,0.5772284889385612
BTC-25DEC26-200000-C,call,64097.3,200000.0,0.5483536224869673,0.045,86.531355,0.5930532363239359
BTC-25DEC26-210000-C,call,64097.92,210000.0,0.5483536224869673,0.045,73.712608,0.6038046752434165
BTC-25DEC26-220000-C,call,64097.92,220000.0,0.5483536224869673,0.045,67.30281599999999,0.6178643909680196
BTC-25DEC26-230000-C,call,64096.8,230000.0,0.5483536224869673,0.045,57.68712,0.6267171028918381
BTC-25DEC26-240000-C,call,64099.94,240000.0,0.5483536224869673,0.045,51.279952,0.6369150925256929
BTC-25DEC26-250000-C,call,64108.38,250000.0,0.5483536224869673,0.045,51.286703999993584,0.6536873500638163
BTC-26MAR27-40000-C,call,64789.78,40000.0,0.797668690980118,0.045,26774.376584999998,0.39923300456696525
BTC-26MAR27-40000-P,put,64789.3,40000.0,0.797668690980118,0.045,1943.679,0.5637195997688881
BTC-26MAR27-50000-C,call,64790.48,50000.0,0.797668690980118,0.045,18999.80826,0.41241465847336417
BTC-26MAR27-50000-P,put,64793.62,50000.0,0.797668690980118,0.045,4179.1884900000005,0.5267230131853534
BTC-26MAR27-52000-C,call,64793.66,52000.0,0.797668690980118,0.045,17640.073935,0.4133018666529037
BTC-26MAR27-52000-P,put,64793.66,52000.0,0.797668690980118,0.045,4810.929255,0.5226710858370616
BTC-26MAR27-54000-C,call,64793.67,54000.0,0.797668690980118,0.045,16311.806422499998,0.41191610577287885
BTC-26MAR27-54000-P,put,64792.31,54000.0,0.797668690980118,0.045,5491.148272499993,0.5184278736297595
BTC-26MAR27-55000-C,call,64792.31,55000.0,0.797668690980118,0.045,15695.937097499998,0.4125784553289195
BTC-26MAR27-55000-P,put,64796.81,55000.0,0.797668690980118,0.045,5847.9121024999995,0.5162359225811279
BTC-26MAR27-56000-C,call,64802.93,56000.0,0.797668690980118,0.045,15082.881957500002,0.4118850375306009
BTC-26MAR27-56000-P,put,64802.23,56000.0,0.797668690980118,0.045,6237.2146375,0.5151041687671093
BTC-26MAR27-58000-C,call,64802.23,58000.0,0.797668690980118,0.045,13916.2788925,0.4118014411994861
BTC-26MAR27-58000-P,put,64802.19,58000.0,0.797668690980118,0.045,7063.43871,0.5130352322229574
BTC-26MAR27-60000-C,call,64802.34,60000.0,0.797668690980118,0.045,12798.46215,0.4106377080030008
BTC-26MAR27-60000-P,put,64799.82,60000.0,0.797668690980118,0.045,7970.37786,0.5122121764672439
BTC-26MAR27-62000-C,call,64799.82,62000.0,0.797668690980118,0.045,11744.967375,0.4094173001502766
BTC-26MAR27-62000-P,put,64799.91,62000.0,0.797668690980118,0.045,8926.187602500002,0.5111402581180167
BTC-26MAR27-64000-C,call,64799.18,64000.0,0.797668690980118,0.045,10756.66388,0.4080998453308696
BTC-26MAR27-64000-P,put,64799.27,64000.0,0.797668690980118,0.045,9962.887762499999,0.5113333736606097
BTC-26MAR27-65000-C,call,64799.27,65000.0,0.797668690980118,0.045,10303.083929999999,0.40816373042172077
BTC-26MAR27-65000-P,put,64800.06,65000.0,0.797668690980118,0.045,10497.60972,0.5112929111490506
BTC-26MAR27-66000-C,call,64799.95,66000.0,0.797668690980118,0.045,9865.7923875,0.40821594417585566
BTC-26MAR27-66000-P,put,64799.95,66000.0,0.797668690980118,0.045,11048.391474999993,0.5113841440660506
BTC-26MAR27-68000-C,call,64786.48,68000.0,0.797668690980118,0.045,9021.517339999995,0.4079431591439795
BTC-26MAR27-68000-P,put,64776.59,68000.0,0.797668690980118,0.045,12113.222329999999,0.5078575164605453
BTC-26MAR27-70000-C,call,64776.12,70000.0,0.797668690980118,0.045,8258.9553,0.40848150564325414
BTC-26MAR27-70000-P,put,64777.57,70000.0,0.797668690980118,0.045,13344.179419999999,0.509995459020041
BTC-26MAR27-72000-C,call,64777.57,72000.0,0.797668690980118,0.045,7530.392512499993,0.4077060324013765
BTC-26MAR27-72000-P,put,64777.56,72000.0,0.797668690980118,0.045,14655.92295,0.5135956760991368
BTC-26MAR27-74000-C,call,64780.71,74000.0,0.797668690980118,0.045,6882.9504375,0.40804564449069924
BTC-26MAR27-74000-P,put,64780.71,74000.0,0.797668690980118,0.045,16000.835369999999,0.5167891439615026
BTC-26MAR27-76000-C,call,64780.28,76000.0,0.797668690980118,0.045,6283.68716,0.40831533380683
BTC-26MAR27-76000-P,put,64779.92,76000.0,0.797668690980118,0.045,17409.603499999997,0.5208885543839666
BTC-26MAR27-78000-C,call,64780.19,78000.0,0.797668690980118,0.045,5700.65672,0.40714978402608937
BTC-26MAR27-78000-P,put,64780.19,78000.0,0.797668690980118,0.045,18851.03529,0.5247740527657763
BTC-26MAR27-80000-C,call,64779.83,80000.0,0.797668690980118,0.045,5263.361187500001,0.410489405505271
BTC-26MAR27-80000-P,put,64780.49,80000.0,0.797668690980118,0.045,20357.268982499998,0.5299490450438236
BTC-26MAR27-82000-C,call,64780.49,82000.0,0.797668690980118,0.045,4777.5611375,0.4097503240475848
BTC-26MAR27-82000-P,put,64780.68,82000.0,0.797668690980118,0.045,22657.042830000002,0.5685258821873347
BTC-26MAR27-84000-C,call,64780.68,84000.0,0.797668690980118,0.045,4405.0862400000005,0.41249461234539425
BTC-26MAR27-84000-P,put,64780.49,84000.0,0.797668690980118,0.045,24276.488627500003,0.5762025422910398
BTC-26MAR27-85000-C,call,64781.26,85000.0,0.797668690980118,0.045,4210.7819,0.41286226156310013
BTC-26MAR27-85000-P,put,64787.98,85000.0,0.797668690980118,0.045,25089.145255,0.5799360026325469
BTC-26MAR27-86000-C,call,64787.98,86000.0,0.797668690980118,0.045,4033.0517550000004,0.413528824994778
BTC-26MAR27-86000-P,put,64792.34,86000.0,0.797668690980118,0.045,25916.936,0.5839934020748192
BTC-26MAR27-88000-C,call,64792.68,88000.0,0.797668690980118,0.045,3709.3809300000003,0.41541933411299553
BTC-26MAR27-88000-P,put,64792.68,88000.0,0.797668690980118,0.045,27569.28534,0.5909849533953756
BTC-26MAR27-90000-C,call,64802.05,90000.0,0.797668690980118,0.045,3402.107625,0.4166177078655961
BTC-26MAR27-90000-P,put,64802.4,90000.0,0.797668690980118,0.045,29258.283600000002,0.5989147356375817
BTC-26MAR27-92000-C,call,64805.79,92000.0,0.797668690980118,0.045,3126.8793675,0.4181806556930357
BTC-26MAR27-92000-P,put,64805.91,92000.0,0.797668690980118,0.045,30961.023502500004,0.6064221098402298
BTC-26MAR27-94000-C,call,64808.96,94000.0,0.797668690980118,0.045,2867.79648,0.41930657972511537
BTC-26MAR27-94000-P,put,64810.41,94000.0,0.797668690980118,0.045,32713.054447500002,0.6153988044726568
BTC-26MAR27-95000-C,call,64810.41,95000.0,0.797668690980118,0.045,2770.645027499994,0.4212204488460975
BTC-26MAR27-95000-P,put,64810.41,95000.0,0.797668690980118,0.045,33604.197585,0.6202407957300187
BTC-26MAR27-96000-C,call,64810.79,96000.0,0.797668690980118,0.045,2657.2423900000003,0.42194883085428886
BTC-26MAR27-96000-P,put,64810.07,96000.0,0.797668690980118,0.045,34495.1597575,0.6248918858124999
BTC-26MAR27-98000-C,call,64810.07,98000.0,0.797668690980118,0.045,2446.5801425,0.4234946496099565
BTC-26MAR27-98000-P,put,64810.16,98000.0,0.797668690980118,0.045,36293.6896,0.6344940584460692
BTC-26MAR27-100000-C,call,64807.56,100000.0,0.797668690980118,0.045,2252.06271,0.42492134041208746
BTC-26MAR27-100000-P,put,64807.56,100000.0,0.797668690980118,0.045,38090.64339,0.6433225818788989
BTC-26MAR27-102000-C,call,64805.99,102000.0,0.797668690980118,0.045,2089.9931775,0.4273478490800514
BTC-26MAR27-102000-P,put,64806.26,102000.0,0.797668690980118,0.045,39904.454595,0.6524054841135024
BTC-26MAR27-104000-C,call,64806.8,104000.0,0.797668690980118,0.045,1944.204,0.4298909527421251
BTC-26MAR27-104000-P,put,64806.8,104000.0,0.797668690980118,0.045,41751.7809,0.6626105133054659
BTC-26MAR27-105000-C,call,64806.88,105000.0,0.797668690980118,0.045,1863.1977999999935,0.4302713610624528
BTC-26MAR27-105000-P,put,64807.25,105000.0,0.797668690980118,0.045,40990.58562500001,0.5839116849189105
BTC-26MAR27-106000-C,call,64807.25,106000.0,0.797668690980118,0.045,1782.199375,0.4303967892068376
BTC-26MAR27-106000-P,put,64807.3,106000.0,0.797668690980118,0.045,43599.111075,0.6723327896771896
BTC-26MAR27-108000-C,call,64807.39,108000.0,0.797668690980118,0.045,1652.5884449999999,0.43227880952560704
BTC-26MAR27-108000-P,put,64807.68,108000.0,0.797668690980118,0.045,45462.58752,0.6823788493754313
BTC-26MAR27-110000-C,call,64809.36,110000.0,0.797668690980118,0.045,1555.42464,0.4357917402597036
BTC-26MAR27-110000-P,put,64809.36,110000.0,0.797668690980118,0.045,47359.43982,0.6936768339508691
BTC-26MAR27-112000-C,call,64809.36,112000.0,0.797668690980118,0.045,1442.0082599999998,0.4373542573311261
BTC-26MAR27-112000-P,put,64808.77,112000.0,0.797668690980118,0.045,49238.463007499995,0.7036481717748299
BTC-26MAR27-115000-C,call,64808.77,115000.0,0.797668690980118,0.045,1296.1753999999999,0.44028395428668093
BTC-26MAR27-115000-P,put,64809.52,115000.0,0.797668690980118,0.045,52090.651699999995,0.7196436345271991
BTC-26MAR27-120000-C,call,64813.35,120000.0,0.797668690980118,0.045,1118.0302875,0.44765611781301257
BTC-26MAR27-120000-P,put,64809.47,120000.0,0.797668690980118,0.045,56886.5122925,0.7467635982580486
BTC-26MAR27-125000-C,call,64813.35,125000.0,0.797668690980118,0.045,955.9969124999999,0.4532284043459179
BTC-26MAR27-125000-P,put,64815.67,125000.0,0.797668690980118,0.045,61753.129592499994,0.7759213023097042
BTC-26MAR27-130000-C,call,64815.67,130000.0,0.797668690980118,0.045,842.60371,0.4609563826510896
BTC-26MAR27-130000-P,put,64816.64,130000.0,0.797668690980118,0.045,66615.30176000002,0.8031712653675424
BTC-26MAR27-140000-C,call,64818.46,140000.0,0.797668690980118,0.045,664.3892149999934,0.4752933855596886
BTC-26MAR27-140000-P,put,64818.94,140000.0,0.797668690980118,0.045,76421.53025999998,0.8579833365782579
BTC-26MAR27-150000-C,call,64828.53,150000.0,0.797668690980118,0.045,534.8353725000001,0.488542337007814
BTC-26MAR27-150000-P,put,64828.7,150000.0,0.797668690980118,0.045,86303.206875,0.9126127686007846
BTC-26MAR27-160000-C,call,64831.96,160000.0,0.797668690980118,0.045,437.61573,0.5008185357326798
BTC-26MAR27-160000-P,put,64831.43,160000.0,0.797668690980118,0.045,96209.84212,0.9646734496030046
BTC-26MAR27-170000-C,call,64832.79,170000.0,0.797668690980118,0.045,353.3387055,0.5100524115025897
BTC-26MAR27-170000-P,put,64808.14,170000.0,0.797668690980118,0.045,106074.723145,1.0105935066107081
BTC-26MAR27-180000-C,call,64808.79,180000.0,0.797668690980118,0.045,317.563071,0.5261193102578428
BTC-26MAR27-180000-P,put,64808.53,180000.0,0.797668690980118,0.045,116088.2793625,1.0623310613614365
BTC-26MAR27-190000-C,call,64808.16,190000.0,0.797668690980118,0.045,268.953864,0.5357433041673894
BTC-26MAR27-200000-C,call,64813.53,200000.0,0.797668690980118,0.045,239.81006100000002,0.5478269262729243
