instrument_name,option_type,underlying_price_S,strike_K,time_to_maturity_T,risk_free_rate_r,option_price_V
BTC-8JUN26-54000-C,call,62909.9,54000.0,0.001,0.045,0.13924999999999998
BTC-8JUN26-55000-C,call,62909.67,55000.0,0.001,0.045,0.1135
BTC-8JUN26-56000-C,call,62908.84,56000.0,0.001,0.045,0.10500000000000001
BTC-8JUN26-57000-C,call,62908.4,57000.0,0.001,0.045,0.0935
BTC-8JUN26-58000-C,call,62902.09,58000.0,0.001,0.045,0.07150000000000001
BTC-8JUN26-58500-C,call,62903.47,58500.0,0.001,0.045,0.065
BTC-8JUN26-59000-C,call,62905.72,59000.0,0.001,0.045,0.049
BTC-8JUN26-59500-C,call,62903.71,59500.0,0.001,0.045,0.040749999999999995
BTC-8JUN26-60000-C,call,62901.03,60000.0,0.001,0.045,0.0465
BTC-8JUN26-60500-C,call,62910.77,60500.0,0.001,0.045,0.0385
BTC-8JUN26-61000-C,call,62908.37,61000.0,0.001,0.045,0.03075
BTC-8JUN26-61000-P,put,62908.37,61000.0,0.001,0.045,0.00015000000000000001
BTC-8JUN26-61500-C,call,62908.37,61500.0,0.001,0.045,0.023
BTC-8JUN26-61500-P,put,62908.38,61500.0,0.001,0.045,0.00030000000000000003
BTC-8JUN26-62000-C,call,62908.61,62000.0,0.001,0.045,0.0155
BTC-8JUN26-62000-P,put,62908.61,62000.0,0.001,0.045,0.00055
BTC-8JUN26-62500-C,call,62909.52,62500.0,0.001,0.045,0.008
BTC-8JUN26-62500-P,put,62910.66,62500.0,0.001,0.045,0.0015999999999999999
BTC-8JUN26-63000-C,call,62911.56,63000.0,0.001,0.045,0.00275
BTC-8JUN26-63000-P,put,62911.56,63000.0,0.001,0.045,0.00415
BTC-8JUN26-63500-C,call,62920.43,63500.0,0.001,0.045,0.0005499999999999999
BTC-8JUN26-63500-P,put,62922.53,63500.0,0.001,0.045,0.010249999999999999
BTC-8JUN26-64000-C,call,62921.63,64000.0,0.001,0.045,0.00025
BTC-8JUN26-64000-P,put,62921.18,64000.0,0.001,0.045,0.017
BTC-8JUN26-64500-P,put,62921.1,64500.0,0.001,0.045,0.03175
BTC-8JUN26-65000-P,put,62920.86,65000.0,0.001,0.045,0.04225
BTC-8JUN26-65500-P,put,62921.24,65500.0,0.001,0.045,0.04225
BTC-8JUN26-66000-P,put,62924.7,66000.0,0.001,0.045,0.05025
BTC-8JUN26-67000-P,put,62925.47,67000.0,0.001,0.045,0.0805
BTC-8JUN26-68000-P,put,62926.94,68000.0,0.001,0.045,0.09525
BTC-8JUN26-69000-P,put,62929.68,69000.0,0.001,0.045,0.11225
BTC-8JUN26-70000-P,put,62932.84,70000.0,0.001,0.045,0.127
BTC-8JUN26-71000-P,put,62934.51,71000.0,0.001,0.045,0.14475
BTC-9JUN26-53000-C,call,62935.99,53000.0,0.003148143034912481,0.045,0.17025
BTC-9JUN26-54000-C,call,62940.18,54000.0,0.003148143034912481,0.045,0.155
BTC-9JUN26-54000-P,put,62943.64,54000.0,0.003148143034912481,0.045,0.00019999999999999998
BTC-9JUN26-55000-C,call,62945.17,55000.0,0.003148143034912481,0.045,0.127
BTC-9JUN26-55000-P,put,62945.17,55000.0,0.003148143034912481,0.045,0.00035
BTC-9JUN26-56000-C,call,62946.95,56000.0,0.003148143034912481,0.045,0.123
BTC-9JUN26-56000-P,put,62951.16,56000.0,0.003148143034912481,0.045,0.0005
BTC-9JUN26-57000-C,call,62946.95,57000.0,0.003148143034912481,0.045,0.10875
BTC-9JUN26-57000-P,put,62953.31,57000.0,0.003148143034912481,0.045,0.0007999999999999999
BTC-9JUN26-58000-C,call,62953.31,58000.0,0.003148143034912481,0.045,0.09375
BTC-9JUN26-58000-P,put,62959.31,58000.0,0.003148143034912481,0.045,0.00135
BTC-9JUN26-58500-C,call,62962.21,58500.0,0.003148143034912481,0.045,0.07200000000000001
BTC-9JUN26-58500-P,put,62962.21,58500.0,0.003148143034912481,0.045,0.00175
BTC-9JUN26-59000-C,call,62965.13,59000.0,0.003148143034912481,0.045,0.0645
BTC-9JUN26-59000-P,put,62969.81,59000.0,0.003148143034912481,0.045,0.0021999999999999997
BTC-9JUN26-59500-C,call,62965.16,59500.0,0.003148143034912481,0.045,0.056999999999999995
BTC-9JUN26-59500-P,put,62965.16,59500.0,0.003148143034912481,0.045,0.0028
BTC-9JUN26-60000-C,call,62965.35,60000.0,0.003148143034912481,0.045,0.05025
BTC-9JUN26-60000-P,put,62964.66,60000.0,0.003148143034912481,0.045,0.00355
BTC-9JUN26-60500-C,call,62966.06,60500.0,0.003148143034912481,0.045,0.04325
BTC-9JUN26-60500-P,put,62969.11,60500.0,0.003148143034912481,0.045,0.00445
BTC-9JUN26-61000-C,call,62969.97,61000.0,0.003148143034912481,0.045,0.03675
BTC-9JUN26-61000-P,put,62978.26,61000.0,0.003148143034912481,0.045,0.00575
BTC-9JUN26-61500-C,call,62969.1,61500.0,0.003148143034912481,0.045,0.03025
BTC-9JUN26-61500-P,put,62967.36,61500.0,0.003148143034912481,0.045,0.006999999999999999
BTC-9JUN26-62000-C,call,62967.36,62000.0,0.003148143034912481,0.045,0.02425
BTC-9JUN26-62000-P,put,62967.28,62000.0,0.003148143034912481,0.045,0.00925
BTC-9JUN26-62500-C,call,62961.62,62500.0,0.003148143034912481,0.045,0.01875
BTC-9JUN26-62500-P,put,62963.76,62500.0,0.003148143034912481,0.045,0.0115
BTC-9JUN26-63000-C,call,62964.96,63000.0,0.003148143034912481,0.045,0.014
BTC-9JUN26-63000-P,put,62969.3,63000.0,0.003148143034912481,0.045,0.014499999999999999
BTC-9JUN26-63500-C,call,62968.86,63500.0,0.003148143034912481,0.045,0.00975
BTC-9JUN26-63500-P,put,62960.75,63500.0,0.003148143034912481,0.045,0.0185
BTC-9JUN26-64000-C,call,62957.61,64000.0,0.003148143034912481,0.045,0.006500000000000001
BTC-9JUN26-64000-P,put,62935.62,64000.0,0.003148143034912481,0.045,0.0245
BTC-9JUN26-64500-C,call,62937.27,64500.0,0.003148143034912481,0.045,0.0042
BTC-9JUN26-64500-P,put,62933.55,64500.0,0.003148143034912481,0.045,0.034800000000000005
BTC-9JUN26-65000-C,call,62933.55,65000.0,0.003148143034912481,0.045,0.0025
BTC-9JUN26-65000-P,put,62932.23,65000.0,0.003148143034912481,0.045,0.027999999999999997
BTC-9JUN26-65500-C,call,62931.97,65500.0,0.003148143034912481,0.045,0.0014
BTC-9JUN26-65500-P,put,62931.76,65500.0,0.003148143034912481,0.045,0.039
BTC-9JUN26-66000-C,call,62932.29,66000.0,0.003148143034912481,0.045,0.0009
BTC-9JUN26-66000-P,put,62933.57,66000.0,0.003148143034912481,0.045,0.03875
BTC-9JUN26-67000-C,call,62949.58,67000.0,0.003148143034912481,0.045,0.00030000000000000003
BTC-9JUN26-67000-P,put,62954.28,67000.0,0.003148143034912481,0.045,0.0585
BTC-9JUN26-68000-C,call,62953.68,68000.0,0.003148143034912481,0.045,0.00015000000000000001
BTC-9JUN26-68000-P,put,62951.65,68000.0,0.003148143034912481,0.045,0.081
BTC-9JUN26-69000-P,put,62934.38,69000.0,0.003148143034912481,0.045,0.0875
BTC-9JUN26-70000-P,put,62927.1,70000.0,0.003148143034912481,0.045,0.11324999999999999
BTC-10JUN26-54000-C,call,62926.75,54000.0,0.005887869062309741,0.045,0.14225
BTC-10JUN26-54000-P,put,62925.59,54000.0,0.005887869062309741,0.045,0.0007999999999999999
BTC-10JUN26-55000-C,call,62925.37,55000.0,0.005887869062309741,0.045,0.1405
BTC-10JUN26-55000-P,put,62922.8,55000.0,0.005887869062309741,0.045,0.0010999999999999998
BTC-10JUN26-56000-C,call,62921.97,56000.0,0.005887869062309741,0.045,0.11149999999999999
BTC-10JUN26-56000-P,put,62916.2,56000.0,0.005887869062309741,0.045,0.0015999999999999999
BTC-10JUN26-57000-C,call,62922.0,57000.0,0.005887869062309741,0.045,0.112
BTC-10JUN26-57000-P,put,62924.34,57000.0,0.005887869062309741,0.045,0.00225
BTC-10JUN26-58000-C,call,62929.81,58000.0,0.005887869062309741,0.045,0.0815
BTC-10JUN26-58000-P,put,62930.97,58000.0,0.005887869062309741,0.045,0.00325
BTC-10JUN26-58500-C,call,62933.82,58500.0,0.005887869062309741,0.045,0.09
BTC-10JUN26-58500-P,put,62935.23,58500.0,0.005887869062309741,0.045,0.0039000000000000003
BTC-10JUN26-59000-C,call,62935.09,59000.0,0.005887869062309741,0.045,0.08299999999999999
BTC-10JUN26-59000-P,put,62938.33,59000.0,0.005887869062309741,0.045,0.00465
BTC-10JUN26-59500-C,call,62938.89,59500.0,0.005887869062309741,0.045,0.07625
BTC-10JUN26-59500-P,put,62943.24,59500.0,0.005887869062309741,0.045,0.0055
BTC-10JUN26-60000-C,call,62944.29,60000.0,0.005887869062309741,0.045,0.06925
BTC-10JUN26-60000-P,put,62943.81,60000.0,0.005887869062309741,0.045,0.00675
BTC-10JUN26-60500-C,call,62945.58,60500.0,0.005887869062309741,0.045,0.04675
BTC-10JUN26-60500-P,put,62945.45,60500.0,0.005887869062309741,0.045,0.008
BTC-10JUN26-61000-C,call,62939.85,61000.0,0.005887869062309741,0.045,0.0405
BTC-10JUN26-61000-P,put,62940.9,61000.0,0.005887869062309741,0.045,0.0095
BTC-10JUN26-61500-C,call,62948.88,61500.0,0.005887869062309741,0.045,0.03425
BTC-10JUN26-61500-P,put,62940.56,61500.0,0.005887869062309741,0.045,0.0115
BTC-10JUN26-62000-C,call,62940.2,62000.0,0.005887869062309741,0.045,0.028999999999999998
BTC-10JUN26-62000-P,put,62939.23,62000.0,0.005887869062309741,0.045,0.014
BTC-10JUN26-62500-C,call,62939.02,62500.0,0.005887869062309741,0.045,0.02375
BTC-10JUN26-62500-P,put,62936.98,62500.0,0.005887869062309741,0.045,0.017
BTC-10JUN26-63000-C,call,62937.99,63000.0,0.005887869062309741,0.045,0.019
BTC-10JUN26-63000-P,put,62941.23,63000.0,0.005887869062309741,0.045,0.02
BTC-10JUN26-63500-C,call,62946.46,63500.0,0.005887869062309741,0.045,0.015
BTC-10JUN26-63500-P,put,62946.85,63500.0,0.005887869062309741,0.045,0.024
BTC-10JUN26-64000-C,call,62949.01,64000.0,0.005887869062309741,0.045,0.0115
BTC-10JUN26-64000-P,put,62949.01,64000.0,0.005887869062309741,0.045,0.028499999999999998
BTC-10JUN26-64500-C,call,62947.78,64500.0,0.005887869062309741,0.045,0.0085
BTC-10JUN26-64500-P,put,62944.42,64500.0,0.005887869062309741,0.045,0.03425
BTC-10JUN26-65000-C,call,62944.42,65000.0,0.005887869062309741,0.045,0.00625
BTC-10JUN26-65000-P,put,62944.52,65000.0,0.005887869062309741,0.045,0.03825
BTC-10JUN26-66000-C,call,62944.52,66000.0,0.005887869062309741,0.045,0.003
BTC-10JUN26-66000-P,put,62943.12,66000.0,0.005887869062309741,0.045,0.0425
BTC-10JUN26-67000-C,call,62942.0,67000.0,0.005887869062309741,0.045,0.00135
BTC-10JUN26-67000-P,put,62942.16,67000.0,0.005887869062309741,0.045,0.06
BTC-10JUN26-68000-C,call,62942.16,68000.0,0.005887869062309741,0.045,0.0006000000000000001
BTC-10JUN26-68000-P,put,62943.63,68000.0,0.005887869062309741,0.045,0.094
BTC-10JUN26-69000-C,call,62943.04,69000.0,0.005887869062309741,0.045,0.00030000000000000003
BTC-10JUN26-69000-P,put,62940.78,69000.0,0.005887869062309741,0.045,0.1055
BTC-11JUN26-55000-C,call,62951.3,55000.0,0.008627595089707,0.045,0.13974999999999999
BTC-11JUN26-55000-P,put,62951.3,55000.0,0.008627595089707,0.045,0.0019
BTC-11JUN26-56000-C,call,62949.16,56000.0,0.008627595089707,0.045,0.12275
BTC-11JUN26-56000-P,put,62949.23,56000.0,0.008627595089707,0.045,0.00265
BTC-11JUN26-57000-C,call,62949.26,57000.0,0.008627595089707,0.045,0.11175
BTC-11JUN26-57000-P,put,62945.87,57000.0,0.008627595089707,0.045,0.00355
BTC-11JUN26-58000-C,call,62941.7,58000.0,0.008627595089707,0.045,0.09725
BTC-11JUN26-58000-P,put,62945.31,58000.0,0.008627595089707,0.045,0.0048000000000000004
BTC-11JUN26-59000-C,call,62945.31,59000.0,0.008627595089707,0.045,0.08374999999999999
BTC-11JUN26-59000-P,put,62951.41,59000.0,0.008627595089707,0.045,0.006500000000000001
BTC-11JUN26-60000-C,call,62952.46,60000.0,0.008627595089707,0.045,0.0705
BTC-11JUN26-60000-P,put,62952.99,60000.0,0.008627595089707,0.045,0.009000000000000001
BTC-11JUN26-60500-C,call,62953.04,60500.0,0.008627595089707,0.045,0.04925
BTC-11JUN26-60500-P,put,62949.58,60500.0,0.008627595089707,0.045,0.010499999999999999
BTC-11JUN26-61000-C,call,62943.25,61000.0,0.008627595089707,0.045,0.043
BTC-11JUN26-61000-P,put,62942.25,61000.0,0.008627595089707,0.045,0.01225
BTC-11JUN26-61500-C,call,62941.78,61500.0,0.008627595089707,0.045,0.0375
BTC-11JUN26-61500-P,put,62941.08,61500.0,0.008627595089707,0.045,0.014499999999999999
BTC-11JUN26-62000-C,call,62939.19,62000.0,0.008627595089707,0.045,0.03175
BTC-11JUN26-62000-P,put,62938.59,62000.0,0.008627595089707,0.045,0.017
BTC-11JUN26-62500-C,call,62938.68,62500.0,0.008627595089707,0.045,0.027
BTC-11JUN26-62500-P,put,62943.97,62500.0,0.008627595089707,0.045,0.02
BTC-11JUN26-63000-C,call,62945.37,63000.0,0.008627595089707,0.045,0.02225
BTC-11JUN26-63000-P,put,62945.37,63000.0,0.008627595089707,0.045,0.023
BTC-11JUN26-63500-C,call,62941.72,63500.0,0.008627595089707,0.045,0.018000000000000002
BTC-11JUN26-63500-P,put,62941.77,63500.0,0.008627595089707,0.045,0.027
BTC-11JUN26-64000-C,call,62944.89,64000.0,0.008627595089707,0.045,0.014499999999999999
BTC-11JUN26-64000-P,put,62943.22,64000.0,0.008627595089707,0.045,0.03175
BTC-11JUN26-64500-C,call,62937.88,64500.0,0.008627595089707,0.045,0.0115
BTC-11JUN26-64500-P,put,62938.38,64500.0,0.008627595089707,0.045,0.037000000000000005
BTC-11JUN26-65000-C,call,62916.63,65000.0,0.008627595089707,0.045,0.009000000000000001
BTC-11JUN26-65000-P,put,62910.45,65000.0,0.008627595089707,0.045,0.042249999999999996
BTC-11JUN26-66000-C,call,62910.22,66000.0,0.008627595089707,0.045,0.0052
BTC-11JUN26-66000-P,put,62914.54,66000.0,0.008627595089707,0.045,0.057999999999999996
BTC-11JUN26-67000-C,call,62910.83,67000.0,0.008627595089707,0.045,0.0028
BTC-11JUN26-67000-P,put,62922.33,67000.0,0.008627595089707,0.045,0.06325
BTC-11JUN26-68000-C,call,62917.4,68000.0,0.008627595089707,0.045,0.00155
BTC-11JUN26-68000-P,put,62919.43,68000.0,0.008627595089707,0.045,0.07899999999999999
BTC-11JUN26-69000-C,call,62919.43,69000.0,0.008627595089707,0.045,0.0008500000000000001
BTC-11JUN26-69000-P,put,62918.19,69000.0,0.008627595089707,0.045,0.11
BTC-11JUN26-70000-C,call,62917.22,70000.0,0.008627595089707,0.045,0.0005
BTC-11JUN26-70000-P,put,62910.26,70000.0,0.008627595089707,0.045,0.11299999999999999
BTC-12JUN26-70000-C,call,62904.41,70000.0,0.011367321117104262,0.045,0.0009500000000000001
BTC-12JUN26-70000-P,put,62905.82,70000.0,0.011367321117104262,0.045,0.11325
BTC-12JUN26-72000-C,call,62905.44,72000.0,0.011367321117104262,0.045,0.0005
BTC-12JUN26-72000-P,put,62878.95,72000.0,0.011367321117104262,0.045,0.14475
BTC-12JUN26-74000-C,call,62870.68,74000.0,0.011367321117104262,0.045,0.00030000000000000003
BTC-12JUN26-74000-P,put,62878.47,74000.0,0.011367321117104262,0.045,0.17625
BTC-12JUN26-75000-C,call,62878.81,75000.0,0.011367321117104262,0.045,0.00030000000000000003
BTC-12JUN26-75000-P,put,62879.65,75000.0,0.011367321117104262,0.045,0.19225
BTC-12JUN26-76000-C,call,62878.8,76000.0,0.011367321117104262,0.045,0.00025
BTC-12JUN26-76000-P,put,62878.8,76000.0,0.011367321117104262,0.045,0.208
BTC-12JUN26-77000-C,call,62871.89,77000.0,0.011367321117104262,0.045,0.00019999999999999998
BTC-12JUN26-77000-P,put,62875.22,77000.0,0.011367321117104262,0.045,0.224
BTC-12JUN26-78000-C,call,62880.22,78000.0,0.011367321117104262,0.045,0.00019999999999999998
BTC-12JUN26-78000-P,put,62880.22,78000.0,0.011367321117104262,0.045,0.24
BTC-12JUN26-79000-C,call,62887.19,79000.0,0.011367321117104262,0.045,0.00019999999999999998
BTC-12JUN26-79000-P,put,62889.78,79000.0,0.011367321117104262,0.045,0.25875
BTC-12JUN26-80000-C,call,62896.92,80000.0,0.011367321117104262,0.045,0.00019999999999999998
BTC-12JUN26-80000-P,put,62896.92,80000.0,0.011367321117104262,0.045,0.2745
BTC-12JUN26-81000-C,call,62896.85,81000.0,0.011367321117104262,0.045,0.00015000000000000001
BTC-12JUN26-81000-P,put,62895.01,81000.0,0.011367321117104262,0.045,0.2905
BTC-12JUN26-82000-C,call,62895.36,82000.0,0.011367321117104262,0.045,0.00015000000000000001
BTC-12JUN26-82000-P,put,62895.36,82000.0,0.011367321117104262,0.045,0.3065
BTC-12JUN26-84000-P,put,62889.33,84000.0,0.011367321117104262,0.045,0.33875
BTC-12JUN26-85000-P,put,62886.96,85000.0,0.011367321117104262,0.045,0.35450000000000004
BTC-12JUN26-86000-P,put,62889.52,86000.0,0.011367321117104262,0.045,0.3705
BTC-12JUN26-90000-P,put,62908.79,90000.0,0.011367321117104262,0.045,0.434
BTC-19JUN26-55000-C,call,62951.61,55000.0,0.030545403308885083,0.045,0.13625
BTC-19JUN26-55000-P,put,62950.58,55000.0,0.030545403308885083,0.045,0.006500000000000001
BTC-19JUN26-56000-C,call,62948.38,56000.0,0.030545403308885083,0.045,0.11800000000000001
BTC-19JUN26-56000-P,put,62941.91,56000.0,0.030545403308885083,0.045,0.00825
BTC-19JUN26-58000-C,call,62941.39,58000.0,0.030545403308885083,0.045,0.09025
BTC-19JUN26-58000-P,put,62941.4,58000.0,0.030545403308885083,0.045,0.01225
BTC-19JUN26-59000-C,call,62939.68,59000.0,0.030545403308885083,0.045,0.078
BTC-19JUN26-59000-P,put,62939.04,59000.0,0.030545403308885083,0.045,0.01525
BTC-19JUN26-60000-C,call,62937.58,60000.0,0.030545403308885083,0.045,0.06575
BTC-19JUN26-60000-P,put,62937.09,60000.0,0.030545403308885083,0.045,0.019
BTC-19JUN26-61000-C,call,62935.57,61000.0,0.030545403308885083,0.045,0.05425
BTC-19JUN26-61000-P,put,62935.37,61000.0,0.030545403308885083,0.045,0.0235
BTC-19JUN26-62000-C,call,62936.45,62000.0,0.030545403308885083,0.045,0.044
BTC-19JUN26-62000-P,put,62938.3,62000.0,0.030545403308885083,0.045,0.028999999999999998
BTC-19JUN26-63000-C,call,62937.55,63000.0,0.030545403308885083,0.045,0.03475
BTC-19JUN26-63000-P,put,62937.55,63000.0,0.030545403308885083,0.045,0.03575
BTC-19JUN26-64000-C,call,62937.52,64000.0,0.030545403308885083,0.045,0.02675
BTC-19JUN26-64000-P,put,62937.74,64000.0,0.030545403308885083,0.045,0.0435
BTC-19JUN26-65000-C,call,62938.87,65000.0,0.030545403308885083,0.045,0.02025
BTC-19JUN26-65000-P,put,62939.53,65000.0,0.030545403308885083,0.045,0.052500000000000005
BTC-19JUN26-66000-C,call,62938.13,66000.0,0.030545403308885083,0.045,0.015
BTC-19JUN26-66000-P,put,62938.44,66000.0,0.030545403308885083,0.045,0.0635
BTC-19JUN26-67000-C,call,62937.35,67000.0,0.030545403308885083,0.045,0.01075
BTC-19JUN26-67000-P,put,62937.29,67000.0,0.030545403308885083,0.045,0.07525
BTC-19JUN26-68000-C,call,62942.24,68000.0,0.030545403308885083,0.045,0.0075
BTC-19JUN26-68000-P,put,62940.97,68000.0,0.030545403308885083,0.045,0.08775
BTC-19JUN26-69000-C,call,62938.81,69000.0,0.030545403308885083,0.045,0.0055
BTC-19JUN26-69000-P,put,62938.81,69000.0,0.030545403308885083,0.045,0.1015
BTC-19JUN26-70000-C,call,62938.81,70000.0,0.030545403308885083,0.045,0.00385
BTC-19JUN26-70000-P,put,62939.22,70000.0,0.030545403308885083,0.045,0.11574999999999999
BTC-19JUN26-71000-C,call,62940.44,71000.0,0.030545403308885083,0.045,0.0027
BTC-19JUN26-71000-P,put,62942.92,71000.0,0.030545403308885083,0.045,0.13075
BTC-19JUN26-72000-C,call,62942.92,72000.0,0.030545403308885083,0.045,0.002
BTC-19JUN26-72000-P,put,62945.58,72000.0,0.030545403308885083,0.045,0.146
BTC-19JUN26-73000-C,call,62952.22,73000.0,0.030545403308885083,0.045,0.0015
BTC-19JUN26-73000-P,put,62952.38,73000.0,0.030545403308885083,0.045,0.1615
BTC-19JUN26-74000-C,call,62952.38,74000.0,0.030545403308885083,0.045,0.00125
BTC-19JUN26-74000-P,put,62956.02,74000.0,0.030545403308885083,0.045,0.17675
BTC-19JUN26-75000-C,call,62958.34,75000.0,0.030545403308885083,0.045,0.001
BTC-19JUN26-75000-P,put,62958.32,75000.0,0.030545403308885083,0.045,0.1915
BTC-19JUN26-76000-C,call,62964.32,76000.0,0.030545403308885083,0.045,0.0007999999999999999
BTC-19JUN26-76000-P,put,62963.88,76000.0,0.030545403308885083,0.045,0.208
BTC-19JUN26-77000-C,call,62964.58,77000.0,0.030545403308885083,0.045,0.0007
BTC-19JUN26-77000-P,put,62966.59,77000.0,0.030545403308885083,0.045,0.22675
BTC-19JUN26-78000-C,call,62973.2,78000.0,0.030545403308885083,0.045,0.0006000000000000001
BTC-19JUN26-78000-P,put,62973.2,78000.0,0.030545403308885083,0.045,0.2425
BTC-19JUN26-80000-C,call,62982.08,80000.0,0.030545403308885083,0.045,0.0005
BTC-19JUN26-80000-P,put,62983.09,80000.0,0.030545403308885083,0.045,0.274
BTC-19JUN26-85000-C,call,62979.42,85000.0,0.030545403308885083,0.045,0.00035
BTC-19JUN26-85000-P,put,62974.16,85000.0,0.030545403308885083,0.045,0.35350000000000004
BTC-26JUN26-30000-C,call,63005.36,30000.0,0.04972348550066591,0.045,0.5237499999999999
BTC-26JUN26-30000-P,put,63003.6,30000.0,0.04972348550066591,0.045,0.00015000000000000001
BTC-26JUN26-40000-C,call,63001.9,40000.0,0.04972348550066591,0.045,0.3655
BTC-26JUN26-40000-P,put,63001.06,40000.0,0.04972348550066591,0.045,0.00075
BTC-26JUN26-45000-C,call,63000.99,45000.0,0.04972348550066591,0.045,0.28674999999999995
BTC-26JUN26-45000-P,put,62998.32,45000.0,0.04972348550066591,0.045,0.00165
BTC-26JUN26-50000-C,call,62997.58,50000.0,0.04972348550066591,0.045,0.21
BTC-26JUN26-50000-P,put,62997.14,50000.0,0.04972348550066591,0.045,0.0038
BTC-26JUN26-54000-P,put,63001.43,54000.0,0.04972348550066591,0.045,0.00605
BTC-26JUN26-55000-C,call,63005.02,55000.0,0.04972348550066591,0.045,0.13575
BTC-26JUN26-55000-P,put,63004.96,55000.0,0.04972348550066591,0.045,0.0095
BTC-26JUN26-56000-P,put,63005.14,56000.0,0.04972348550066591,0.045,0.015
BTC-26JUN26-58000-C,call,63007.7,58000.0,0.04972348550066591,0.045,0.096
BTC-26JUN26-58000-P,put,63013.46,58000.0,0.04972348550066591,0.045,0.01675
BTC-26JUN26-59000-C,call,63015.71,59000.0,0.04972348550066591,0.045,0.0835
BTC-26JUN26-59000-P,put,63017.26,59000.0,0.04972348550066591,0.045,0.02025
BTC-26JUN26-60000-C,call,63023.18,60000.0,0.04972348550066591,0.045,0.07225
BTC-26JUN26-60000-P,put,63024.35,60000.0,0.04972348550066591,0.045,0.02425
BTC-26JUN26-61000-C,call,63024.67,61000.0,0.04972348550066591,0.045,0.061
BTC-26JUN26-61000-P,put,63025.22,61000.0,0.04972348550066591,0.045,0.029249999999999998
BTC-26JUN26-62000-C,call,63025.22,62000.0,0.04972348550066591,0.045,0.051000000000000004
BTC-26JUN26-62000-P,put,63024.87,62000.0,0.04972348550066591,0.045,0.035
BTC-26JUN26-63000-C,call,63023.33,63000.0,0.04972348550066591,0.045,0.042
BTC-26JUN26-63000-P,put,63023.35,63000.0,0.04972348550066591,0.045,0.0415
BTC-26JUN26-64000-C,call,63032.4,64000.0,0.04972348550066591,0.045,0.034
BTC-26JUN26-64000-P,put,63032.66,64000.0,0.04972348550066591,0.045,0.0495
BTC-26JUN26-65000-C,call,63033.2,65000.0,0.04972348550066591,0.045,0.027
BTC-26JUN26-65000-P,put,63033.49,65000.0,0.04972348550066591,0.045,0.058249999999999996
BTC-26JUN26-66000-C,call,63033.49,66000.0,0.04972348550066591,0.045,0.021249999999999998
BTC-26JUN26-66000-P,put,63034.6,66000.0,0.04972348550066591,0.045,0.06875
BTC-26JUN26-67000-C,call,63032.68,67000.0,0.04972348550066591,0.045,0.0165
BTC-26JUN26-67000-P,put,63030.71,67000.0,0.04972348550066591,0.045,0.08025
BTC-26JUN26-68000-C,call,63030.98,68000.0,0.04972348550066591,0.045,0.0125
BTC-26JUN26-68000-P,put,63032.0,68000.0,0.04972348550066591,0.045,0.0925
BTC-26JUN26-70000-C,call,63032.0,70000.0,0.04972348550066591,0.045,0.0072499999999999995
BTC-26JUN26-70000-P,put,63028.37,70000.0,0.04972348550066591,0.045,0.119
BTC-26JUN26-72000-C,call,63028.37,72000.0,0.04972348550066591,0.045,0.00415
BTC-26JUN26-72000-P,put,63028.18,72000.0,0.04972348550066591,0.045,0.14675
BTC-26JUN26-74000-C,call,63027.02,74000.0,0.04972348550066591,0.045,0.00255
BTC-26JUN26-74000-P,put,63026.38,74000.0,0.04972348550066591,0.045,0.177
BTC-26JUN26-75000-C,call,63026.16,75000.0,0.04972348550066591,0.045,0.00205
BTC-26JUN26-75000-P,put,63027.96,75000.0,0.04972348550066591,0.045,0.19275
BTC-26JUN26-76000-C,call,63030.8,76000.0,0.04972348550066591,0.045,0.0017000000000000001
BTC-26JUN26-76000-P,put,63030.8,76000.0,0.04972348550066591,0.045,0.20775
BTC-26JUN26-78000-C,call,63033.54,78000.0,0.04972348550066591,0.045,0.00125
BTC-26JUN26-78000-P,put,63041.19,78000.0,0.04972348550066591,0.045,0.23875
BTC-26JUN26-80000-C,call,63048.36,80000.0,0.04972348550066591,0.045,0.0009
BTC-26JUN26-80000-P,put,63049.72,80000.0,0.04972348550066591,0.045,0.2705
BTC-26JUN26-82000-C,call,63048.66,82000.0,0.04972348550066591,0.045,0.00075
BTC-26JUN26-82000-P,put,63047.74,82000.0,0.04972348550066591,0.045,0.302
BTC-26JUN26-84000-C,call,63047.74,84000.0,0.04972348550066591,0.045,0.0006000000000000001
BTC-26JUN26-84000-P,put,63037.16,84000.0,0.04972348550066591,0.045,0.3335
BTC-26JUN26-85000-C,call,63023.5,85000.0,0.04972348550066591,0.045,0.0006000000000000001
BTC-26JUN26-85000-P,put,63020.53,85000.0,0.04972348550066591,0.045,0.349
BTC-26JUN26-86000-C,call,63030.08,86000.0,0.04972348550066591,0.045,0.0006000000000000001
BTC-26JUN26-86000-P,put,63030.64,86000.0,0.04972348550066591,0.045,0.36475
BTC-26JUN26-88000-C,call,63038.29,88000.0,0.04972348550066591,0.045,0.0005
BTC-26JUN26-88000-P,put,63038.53,88000.0,0.04972348550066591,0.045,0.39975
BTC-26JUN26-90000-C,call,63038.64,90000.0,0.04972348550066591,0.045,0.00039999999999999996
BTC-26JUN26-90000-P,put,63038.69,90000.0,0.04972348550066591,0.045,0.428
BTC-26JUN26-92000-C,call,63038.2,92000.0,0.04972348550066591,0.045,0.00035
BTC-26JUN26-92000-P,put,63037.17,92000.0,0.04972348550066591,0.045,0.45975
BTC-26JUN26-94000-C,call,63038.72,94000.0,0.04972348550066591,0.045,0.00039999999999999996
BTC-26JUN26-94000-P,put,63037.82,94000.0,0.04972348550066591,0.045,0.48275
BTC-26JUN26-95000-C,call,63037.77,95000.0,0.04972348550066591,0.045,0.00030000000000000003
BTC-26JUN26-95000-P,put,63038.69,95000.0,0.04972348550066591,0.045,0.50825
BTC-26JUN26-100000-C,call,63026.47,100000.0,0.04972348550066591,0.045,0.00025
BTC-26JUN26-100000-P,put,63025.69,100000.0,0.04972348550066591,0.045,0.5862499999999999
BTC-26JUN26-105000-C,call,63014.11,105000.0,0.04972348550066591,0.045,0.13674999999999998
BTC-26JUN26-105000-P,put,63009.4,105000.0,0.04972348550066591,0.045,0.66625
BTC-26JUN26-110000-C,call,63004.13,110000.0,0.04972348550066591,0.045,0.1275
BTC-26JUN26-110000-P,put,62980.5,110000.0,0.04972348550066591,0.045,0.7455
BTC-26JUN26-115000-C,call,62970.32,115000.0,0.04972348550066591,0.045,0.12
BTC-26JUN26-115000-P,put,62977.29,115000.0,0.04972348550066591,0.045,0.8255
BTC-26JUN26-120000-P,put,63004.76,120000.0,0.04972348550066591,0.045,0.90575
BTC-26JUN26-125000-P,put,62986.33,125000.0,0.04972348550066591,0.045,0.98525
BTC-26JUN26-130000-P,put,63010.75,130000.0,0.04972348550066591,0.045,1.07225
BTC-26JUN26-135000-P,put,63016.59,135000.0,0.04972348550066591,0.045,1.15425
BTC-26JUN26-140000-C,call,63017.0,140000.0,0.04972348550066591,0.045,0.0058
BTC-26JUN26-140000-P,put,63017.0,140000.0,0.04972348550066591,0.045,1.23325
BTC-26JUN26-145000-C,call,63032.78,145000.0,0.04972348550066591,0.045,0.0048
BTC-26JUN26-145000-P,put,63033.09,145000.0,0.04972348550066591,0.045,1.3127499999999999
BTC-26JUN26-146000-P,put,63032.99,146000.0,0.04972348550066591,0.045,0.8825
BTC-26JUN26-150000-P,put,63033.01,150000.0,0.04972348550066591,0.045,1.3897499999999998
BTC-26JUN26-155000-P,put,63049.71,155000.0,0.04972348550066591,0.045,1.468
BTC-26JUN26-160000-P,put,63050.48,160000.0,0.04972348550066591,0.045,1.54625
BTC-26JUN26-165000-P,put,63052.2,165000.0,0.04972348550066591,0.045,1.6247500000000001
BTC-26JUN26-170000-P,put,63050.72,170000.0,0.04972348550066591,0.045,1.7037499999999999
BTC-26JUN26-180000-P,put,63041.92,180000.0,0.04972348550066591,0.045,1.8615
BTC-26JUN26-185000-C,call,63041.87,185000.0,0.04972348550066591,0.045,0.0018
BTC-26JUN26-190000-P,put,63050.32,190000.0,0.04972348550066591,0.045,2.0195
BTC-26JUN26-200000-P,put,63053.74,200000.0,0.04972348550066591,0.045,2.1777499999999996
BTC-26JUN26-210000-P,put,63068.51,210000.0,0.04972348550066591,0.045,2.33575
BTC-26JUN26-220000-P,put,63067.03,220000.0,0.04972348550066591,0.045,2.4945
BTC-26JUN26-230000-P,put,63066.66,230000.0,0.04972348550066591,0.045,2.65325
BTC-26JUN26-240000-P,put,63067.27,240000.0,0.04972348550066591,0.045,2.8122499999999997
BTC-26JUN26-250000-P,put,63072.58,250000.0,0.04972348550066591,0.045,2.97075
BTC-26JUN26-260000-P,put,63070.39,260000.0,0.04972348550066591,0.045,3.12975
BTC-26JUN26-280000-P,put,63058.95,280000.0,0.04972348550066591,0.045,3.4475
BTC-26JUN26-300000-P,put,63058.12,300000.0,0.04972348550066591,0.045,3.765
BTC-26JUN26-320000-P,put,63059.89,320000.0,0.04972348550066591,0.045,4.08275
BTC-26JUN26-340000-P,put,63059.06,340000.0,0.04972348550066591,0.045,4.40025
BTC-31JUL26-48000-C,call,63231.66,48000.0,0.14561389645957,0.045,0.2495
BTC-31JUL26-48000-P,put,63231.18,48000.0,0.14561389645957,0.045,0.0095
BTC-31JUL26-50000-C,call,63232.27,50000.0,0.14561389645957,0.045,0.2235
BTC-31JUL26-50000-P,put,63231.62,50000.0,0.14561389645957,0.045,0.01225
BTC-31JUL26-52000-C,call,63232.41,52000.0,0.14561389645957,0.045,0.1935
BTC-31JUL26-52000-P,put,63232.41,52000.0,0.14561389645957,0.045,0.016
BTC-31JUL26-54000-C,call,63232.34,54000.0,0.14561389645957,0.045,0.16625
BTC-31JUL26-54000-P,put,63232.77,54000.0,0.14561389645957,0.045,0.020999999999999998
BTC-31JUL26-55000-C,call,63233.02,55000.0,0.14561389645957,0.045,0.1535
BTC-31JUL26-55000-P,put,63233.02,55000.0,0.14561389645957,0.045,0.02375
BTC-31JUL26-56000-C,call,63232.0,56000.0,0.14561389645957,0.045,0.14075
BTC-31JUL26-56000-P,put,63232.52,56000.0,0.14561389645957,0.045,0.027
BTC-31JUL26-57000-C,call,63232.52,57000.0,0.14561389645957,0.045,0.12925
BTC-31JUL26-57000-P,put,63232.68,57000.0,0.14561389645957,0.045,0.031
BTC-31JUL26-58000-C,call,63235.53,58000.0,0.14561389645957,0.045,0.11775
BTC-31JUL26-58000-P,put,63235.61,58000.0,0.14561389645957,0.045,0.035
BTC-31JUL26-59000-C,call,63235.61,59000.0,0.14561389645957,0.045,0.10625
BTC-31JUL26-59000-P,put,63236.18,59000.0,0.14561389645957,0.045,0.04
BTC-31JUL26-60000-C,call,63238.24,60000.0,0.14561389645957,0.045,0.096
BTC-31JUL26-60000-P,put,63238.33,60000.0,0.14561389645957,0.045,0.045
BTC-31JUL26-61000-C,call,63238.33,61000.0,0.14561389645957,0.045,0.08625
BTC-31JUL26-61000-P,put,63239.62,61000.0,0.14561389645957,0.045,0.051000000000000004
BTC-31JUL26-62000-C,call,63239.48,62000.0,0.14561389645957,0.045,0.07725
BTC-31JUL26-62000-P,put,63242.2,62000.0,0.14561389645957,0.045,0.0575
BTC-31JUL26-63000-C,call,63243.31,63000.0,0.14561389645957,0.045,0.0685
BTC-31JUL26-63000-P,put,63242.58,63000.0,0.14561389645957,0.045,0.06475
BTC-31JUL26-64000-C,call,63242.94,64000.0,0.14561389645957,0.045,0.0605
BTC-31JUL26-64000-P,put,63242.94,64000.0,0.14561389645957,0.045,0.0725
BTC-31JUL26-65000-C,call,63243.62,65000.0,0.14561389645957,0.045,0.053
BTC-31JUL26-65000-P,put,63244.46,65000.0,0.14561389645957,0.045,0.08075
BTC-31JUL26-66000-C,call,63244.32,66000.0,0.14561389645957,0.045,0.0465
BTC-31JUL26-66000-P,put,63243.61,66000.0,0.14561389645957,0.045,0.08975
BTC-31JUL26-67000-C,call,63244.2,67000.0,0.14561389645957,0.045,0.04025
BTC-31JUL26-67000-P,put,63243.76,67000.0,0.14561389645957,0.045,0.10025
BTC-31JUL26-68000-C,call,63241.22,68000.0,0.14561389645957,0.045,0.03475
BTC-31JUL26-68000-P,put,63237.06,68000.0,0.14561389645957,0.045,0.11075
BTC-31JUL26-69000-C,call,63237.06,69000.0,0.14561389645957,0.045,0.03
BTC-31JUL26-69000-P,put,63235.32,69000.0,0.14561389645957,0.045,0.12175
BTC-31JUL26-70000-C,call,63235.66,70000.0,0.14561389645957,0.045,0.02575
BTC-31JUL26-70000-P,put,63236.66,70000.0,0.14561389645957,0.045,0.13325
BTC-31JUL26-71000-C,call,63236.66,71000.0,0.14561389645957,0.045,0.02175
BTC-31JUL26-71000-P,put,63240.74,71000.0,0.14561389645957,0.045,0.1455
BTC-31JUL26-72000-C,call,63240.34,72000.0,0.14561389645957,0.045,0.01875
BTC-31JUL26-72000-P,put,63240.34,72000.0,0.14561389645957,0.045,0.15775
BTC-31JUL26-73000-C,call,63233.42,73000.0,0.14561389645957,0.045,0.01575
BTC-31JUL26-73000-P,put,63236.19,73000.0,0.14561389645957,0.045,0.17125
BTC-31JUL26-74000-C,call,63236.51,74000.0,0.14561389645957,0.045,0.01375
BTC-31JUL26-74000-P,put,63236.51,74000.0,0.14561389645957,0.045,0.18475
BTC-31JUL26-75000-C,call,63239.84,75000.0,0.14561389645957,0.045,0.01175
BTC-31JUL26-75000-P,put,63239.96,75000.0,0.14561389645957,0.045,0.19825
BTC-31JUL26-76000-C,call,63239.8,76000.0,0.14561389645957,0.045,0.00975
BTC-31JUL26-76000-P,put,63239.8,76000.0,0.14561389645957,0.045,0.21175
BTC-31JUL26-77000-C,call,63238.19,77000.0,0.14561389645957,0.045,0.00825
BTC-31JUL26-77000-P,put,63237.29,77000.0,0.14561389645957,0.045,0.227
BTC-31JUL26-78000-C,call,63232.47,78000.0,0.14561389645957,0.045,0.0072499999999999995
BTC-31JUL26-78000-P,put,63229.83,78000.0,0.14561389645957,0.045,0.2415
BTC-31JUL26-79000-C,call,63229.83,79000.0,0.14561389645957,0.045,0.00625
BTC-31JUL26-79000-P,put,63228.96,79000.0,0.14561389645957,0.045,0.2555
BTC-31JUL26-80000-C,call,63229.83,80000.0,0.14561389645957,0.045,0.0052499999999999995
BTC-31JUL26-80000-P,put,63228.96,80000.0,0.14561389645957,0.045,0.27125
BTC-31JUL26-81000-C,call,63228.35,81000.0,0.14561389645957,0.045,0.0048000000000000004
BTC-31JUL26-81000-P,put,63228.35,81000.0,0.14561389645957,0.045,0.28574999999999995
BTC-31JUL26-82000-C,call,63223.79,82000.0,0.14561389645957,0.045,0.004200000000000001
BTC-31JUL26-82000-P,put,63222.95,82000.0,0.14561389645957,0.045,0.30174999999999996
BTC-31JUL26-83000-C,call,63222.95,83000.0,0.14561389645957,0.045,0.0037
BTC-31JUL26-83000-P,put,63223.84,83000.0,0.14561389645957,0.045,0.31725000000000003
BTC-31JUL26-84000-C,call,63224.03,84000.0,0.14561389645957,0.045,0.0033
BTC-31JUL26-84000-P,put,63223.83,84000.0,0.14561389645957,0.045,0.33275
BTC-31JUL26-85000-C,call,63217.94,85000.0,0.14561389645957,0.045,0.003
BTC-31JUL26-85000-P,put,63211.04,85000.0,0.14561389645957,0.045,0.36850000000000005
BTC-31JUL26-86000-C,call,63217.42,86000.0,0.14561389645957,0.045,0.0027
BTC-31JUL26-86000-P,put,63217.3,86000.0,0.14561389645957,0.045,0.37975000000000003
BTC-31JUL26-87000-C,call,63217.8,87000.0,0.14561389645957,0.045,0.0025
BTC-31JUL26-87000-P,put,63220.43,87000.0,0.14561389645957,0.045,0.37575000000000003
BTC-31JUL26-88000-C,call,63219.42,88000.0,0.14561389645957,0.045,0.0023
BTC-31JUL26-88000-P,put,63214.2,88000.0,0.14561389645957,0.045,0.40900000000000003
BTC-31JUL26-89000-C,call,63214.2,89000.0,0.14561389645957,0.045,0.0021
BTC-31JUL26-89000-P,put,63209.72,89000.0,0.14561389645957,0.045,0.4255
BTC-31JUL26-90000-C,call,63209.72,90000.0,0.14561389645957,0.045,0.0018999999999999998
BTC-31JUL26-90000-P,put,63207.8,90000.0,0.14561389645957,0.045,0.429
BTC-31JUL26-91000-C,call,63207.8,91000.0,0.14561389645957,0.045,0.0018
BTC-31JUL26-91000-P,put,63205.58,91000.0,0.14561389645957,0.045,0.44475
BTC-31JUL26-92000-C,call,63205.58,92000.0,0.14561389645957,0.045,0.00165
BTC-31JUL26-92000-P,put,63206.26,92000.0,0.14561389645957,0.045,0.46075
BTC-31JUL26-93000-C,call,63210.02,93000.0,0.14561389645957,0.045,0.00155
BTC-31JUL26-93000-P,put,63210.02,93000.0,0.14561389645957,0.045,0.47625
BTC-31JUL26-94000-C,call,63210.73,94000.0,0.14561389645957,0.045,0.00145
BTC-31JUL26-94000-P,put,63210.25,94000.0,0.14561389645957,0.045,0.492
BTC-31JUL26-95000-C,call,63210.25,95000.0,0.14561389645957,0.045,0.00135
BTC-31JUL26-95000-P,put,63211.21,95000.0,0.14561389645957,0.045,0.5075000000000001
BTC-31JUL26-96000-C,call,63211.11,96000.0,0.14561389645957,0.045,0.0013
BTC-31JUL26-96000-P,put,63211.11,96000.0,0.14561389645957,0.045,0.52325
BTC-31JUL26-98000-C,call,63211.44,98000.0,0.14561389645957,0.045,0.00115
BTC-31JUL26-98000-P,put,63211.44,98000.0,0.14561389645957,0.045,0.55475
BTC-31JUL26-100000-C,call,63211.81,100000.0,0.14561389645957,0.045,0.00105
BTC-31JUL26-100000-P,put,63212.17,100000.0,0.14561389645957,0.045,0.5862499999999999
BTC-31JUL26-102000-C,call,63212.08,102000.0,0.14561389645957,0.045,0.001
BTC-31JUL26-102000-P,put,63212.08,102000.0,0.14561389645957,0.045,0.61825
BTC-31JUL26-104000-C,call,63213.54,104000.0,0.14561389645957,0.045,0.0009
BTC-31JUL26-104000-P,put,63213.63,104000.0,0.14561389645957,0.045,0.64975
BTC-31JUL26-105000-C,call,63215.99,105000.0,0.14561389645957,0.045,0.0009
BTC-31JUL26-105000-P,put,63216.13,105000.0,0.14561389645957,0.045,0.66525
BTC-31JUL26-106000-C,call,63216.17,106000.0,0.14561389645957,0.045,0.00075
BTC-31JUL26-106000-P,put,63216.06,106000.0,0.14561389645957,0.045,0.681
BTC-31JUL26-108000-C,call,63215.64,108000.0,0.14561389645957,0.045,0.0007999999999999999
BTC-31JUL26-108000-P,put,63213.77,108000.0,0.14561389645957,0.045,0.71275
BTC-31JUL26-110000-C,call,63213.69,110000.0,0.14561389645957,0.045,0.00075
BTC-31JUL26-110000-P,put,63213.66,110000.0,0.14561389645957,0.045,0.7442500000000001
BTC-31JUL26-115000-C,call,63213.56,115000.0,0.14561389645957,0.045,0.00055
BTC-31JUL26-115000-P,put,63213.26,115000.0,0.14561389645957,0.045,0.823
BTC-31JUL26-120000-C,call,63213.26,120000.0,0.14561389645957,0.045,0.00055
BTC-31JUL26-120000-P,put,63212.92,120000.0,0.14561389645957,0.045,0.9027499999999999
BTC-28AUG26-46000-C,call,63377.6,46000.0,0.2223262252266933,0.045,0.286
BTC-28AUG26-46000-P,put,63377.6,46000.0,0.2223262252266933,0.045,0.01175
BTC-28AUG26-48000-C,call,63377.67,48000.0,0.2223262252266933,0.045,0.25775000000000003
BTC-28AUG26-48000-P,put,63377.67,48000.0,0.2223262252266933,0.045,0.015
BTC-28AUG26-50000-C,call,63377.09,50000.0,0.2223262252266933,0.045,0.22975
BTC-28AUG26-50000-P,put,63378.73,50000.0,0.2223262252266933,0.045,0.01875
BTC-28AUG26-52000-C,call,63386.5,52000.0,0.2223262252266933,0.045,0.18974999999999997
BTC-28AUG26-52000-P,put,63386.5,52000.0,0.2223262252266933,0.045,0.0235
BTC-28AUG26-53000-C,call,63386.5,53000.0,0.2223262252266933,0.045,0.185
BTC-28AUG26-53000-P,put,63385.81,53000.0,0.2223262252266933,0.045,0.02675
BTC-28AUG26-54000-C,call,63379.35,54000.0,0.2223262252266933,0.045,0.17775
BTC-28AUG26-54000-P,put,63379.35,54000.0,0.2223262252266933,0.045,0.03
BTC-28AUG26-55000-C,call,63372.03,55000.0,0.2223262252266933,0.045,0.16575
BTC-28AUG26-55000-P,put,63365.25,55000.0,0.2223262252266933,0.045,0.03375
BTC-28AUG26-56000-C,call,63365.25,56000.0,0.2223262252266933,0.045,0.15375
BTC-28AUG26-56000-P,put,63364.83,56000.0,0.2223262252266933,0.045,0.03775
BTC-28AUG26-57000-C,call,63356.72,57000.0,0.2223262252266933,0.045,0.14300000000000002
BTC-28AUG26-57000-P,put,63356.72,57000.0,0.2223262252266933,0.045,0.042249999999999996
BTC-28AUG26-58000-C,call,63354.34,58000.0,0.2223262252266933,0.045,0.132
BTC-28AUG26-58000-P,put,63353.66,58000.0,0.2223262252266933,0.045,0.047
BTC-28AUG26-59000-C,call,63352.35,59000.0,0.2223262252266933,0.045,0.1215
BTC-28AUG26-59000-P,put,63352.35,59000.0,0.2223262252266933,0.045,0.05225
BTC-28AUG26-60000-C,call,63352.35,60000.0,0.2223262252266933,0.045,0.1115
BTC-28AUG26-60000-P,put,63348.84,60000.0,0.2223262252266933,0.045,0.058249999999999996
BTC-28AUG26-61000-C,call,63346.95,61000.0,0.2223262252266933,0.045,0.10200000000000001
BTC-28AUG26-61000-P,put,63346.95,61000.0,0.2223262252266933,0.045,0.0645
BTC-28AUG26-62000-C,call,63344.4,62000.0,0.2223262252266933,0.045,0.09325
BTC-28AUG26-62000-P,put,63336.92,62000.0,0.2223262252266933,0.045,0.07125
BTC-28AUG26-63000-C,call,63336.92,63000.0,0.2223262252266933,0.045,0.08475
BTC-28AUG26-63000-P,put,63336.92,63000.0,0.2223262252266933,0.045,0.07875
BTC-28AUG26-64000-C,call,63333.02,64000.0,0.2223262252266933,0.045,0.0765
BTC-28AUG26-64000-P,put,63335.68,64000.0,0.2223262252266933,0.045,0.0865
BTC-28AUG26-65000-C,call,63332.83,65000.0,0.2223262252266933,0.045,0.0695
BTC-28AUG26-65000-P,put,63317.48,65000.0,0.2223262252266933,0.045,0.095
BTC-28AUG26-66000-C,call,63317.13,66000.0,0.2223262252266933,0.045,0.06225
BTC-28AUG26-66000-P,put,63317.13,66000.0,0.2223262252266933,0.045,0.104
BTC-28AUG26-67000-C,call,63317.13,67000.0,0.2223262252266933,0.045,0.056
BTC-28AUG26-67000-P,put,63315.59,67000.0,0.2223262252266933,0.045,0.11325
BTC-28AUG26-68000-C,call,63318.27,68000.0,0.2223262252266933,0.045,0.05
BTC-28AUG26-68000-P,put,63315.59,68000.0,0.2223262252266933,0.045,0.1235
BTC-28AUG26-69000-C,call,63312.02,69000.0,0.2223262252266933,0.045,0.04475
BTC-28AUG26-69000-P,put,63311.24,69000.0,0.2223262252266933,0.045,0.134
BTC-28AUG26-70000-C,call,63311.24,70000.0,0.2223262252266933,0.045,0.04
BTC-28AUG26-70000-P,put,63311.16,70000.0,0.2223262252266933,0.045,0.14525
BTC-28AUG26-71000-C,call,63308.09,71000.0,0.2223262252266933,0.045,0.035500000000000004
BTC-28AUG26-71000-P,put,63308.09,71000.0,0.2223262252266933,0.045,0.15875
BTC-28AUG26-72000-C,call,63304.95,72000.0,0.2223262252266933,0.045,0.0315
BTC-28AUG26-72000-P,put,63297.78,72000.0,0.2223262252266933,0.045,0.16875
BTC-28AUG26-73000-C,call,63297.76,73000.0,0.2223262252266933,0.045,0.028
BTC-28AUG26-73000-P,put,63297.76,73000.0,0.2223262252266933,0.045,0.1695
BTC-28AUG26-74000-C,call,63289.05,74000.0,0.2223262252266933,0.045,0.025
BTC-28AUG26-74000-P,put,63297.78,74000.0,0.2223262252266933,0.045,0.18025
BTC-28AUG26-75000-C,call,63297.78,75000.0,0.2223262252266933,0.045,0.022
BTC-28AUG26-75000-P,put,63298.11,75000.0,0.2223262252266933,0.045,0.20675
BTC-28AUG26-76000-C,call,63294.94,76000.0,0.2223262252266933,0.045,0.0195
BTC-28AUG26-76000-P,put,63295.1,76000.0,0.2223262252266933,0.045,0.2255
BTC-28AUG26-77000-C,call,63295.1,77000.0,0.2223262252266933,0.045,0.0175
BTC-28AUG26-77000-P,put,63292.21,77000.0,0.2223262252266933,0.045,0.239
BTC-28AUG26-78000-C,call,63292.21,78000.0,0.2223262252266933,0.045,0.0155
BTC-28AUG26-78000-P,put,63288.86,78000.0,0.2223262252266933,0.045,0.25275000000000003
BTC-28AUG26-79000-C,call,63291.18,79000.0,0.2223262252266933,0.045,0.01375
BTC-28AUG26-79000-P,put,63291.18,79000.0,0.2223262252266933,0.045,0.26675
BTC-28AUG26-80000-C,call,63295.82,80000.0,0.2223262252266933,0.045,0.01225
BTC-28AUG26-80000-P,put,63300.95,80000.0,0.2223262252266933,0.045,0.28075
BTC-28AUG26-81000-C,call,63304.99,81000.0,0.2223262252266933,0.045,0.011
BTC-28AUG26-81000-P,put,63304.99,81000.0,0.2223262252266933,0.045,0.295
BTC-28AUG26-82000-C,call,63305.34,82000.0,0.2223262252266933,0.045,0.01
BTC-28AUG26-82000-P,put,63305.79,82000.0,0.2223262252266933,0.045,0.3095
BTC-28AUG26-83000-C,call,63305.79,83000.0,0.2223262252266933,0.045,0.009000000000000001
BTC-28AUG26-83000-P,put,63303.29,83000.0,0.2223262252266933,0.045,0.3135
BTC-28AUG26-84000-C,call,63298.42,84000.0,0.2223262252266933,0.045,0.008
BTC-28AUG26-84000-P,put,63298.42,84000.0,0.2223262252266933,0.045,0.32899999999999996
BTC-28AUG26-85000-C,call,63296.98,85000.0,0.2223262252266933,0.045,0.006999999999999999
BTC-28AUG26-85000-P,put,63294.55,85000.0,0.2223262252266933,0.045,0.34650000000000003
BTC-28AUG26-86000-C,call,63293.06,86000.0,0.2223262252266933,0.045,0.006500000000000001
BTC-28AUG26-86000-P,put,63292.99,86000.0,0.2223262252266933,0.045,0.36
BTC-28AUG26-88000-C,call,63292.99,88000.0,0.2223262252266933,0.045,0.0055
BTC-28AUG26-88000-P,put,63293.13,88000.0,0.2223262252266933,0.045,0.39425
BTC-28AUG26-90000-C,call,63293.13,90000.0,0.2223262252266933,0.045,0.00455
BTC-28AUG26-90000-P,put,63286.34,90000.0,0.2223262252266933,0.045,0.42925
BTC-28AUG26-92000-C,call,63281.45,92000.0,0.2223262252266933,0.045,0.00385
BTC-28AUG26-92000-P,put,63281.45,92000.0,0.2223262252266933,0.045,0.45775
BTC-28AUG26-94000-C,call,63279.36,94000.0,0.2223262252266933,0.045,0.0033499999999999997
BTC-28AUG26-94000-P,put,63276.48,94000.0,0.2223262252266933,0.045,0.493
BTC-28AUG26-95000-C,call,63276.79,95000.0,0.2223262252266933,0.045,0.0031
BTC-28AUG26-95000-P,put,63276.79,95000.0,0.2223262252266933,0.045,0.5085
BTC-28AUG26-96000-C,call,63275.61,96000.0,0.2223262252266933,0.045,0.0029
BTC-28AUG26-96000-P,put,63279.57,96000.0,0.2223262252266933,0.045,0.5395
BTC-28AUG26-98000-C,call,63279.57,98000.0,0.2223262252266933,0.045,0.00255
BTC-28AUG26-98000-P,put,63278.79,98000.0,0.2223262252266933,0.045,0.5525
BTC-28AUG26-100000-C,call,63277.4,100000.0,0.2223262252266933,0.045,0.0022500000000000003
BTC-28AUG26-100000-P,put,63277.34,100000.0,0.2223262252266933,0.045,0.585
BTC-28AUG26-105000-C,call,63277.34,105000.0,0.2223262252266933,0.045,0.00175
BTC-28AUG26-105000-P,put,63277.67,105000.0,0.2223262252266933,0.045,0.66425
BTC-28AUG26-110000-C,call,63283.1,110000.0,0.2223262252266933,0.045,0.0014
BTC-28AUG26-110000-P,put,63284.79,110000.0,0.2223262252266933,0.045,0.7425
BTC-25SEP26-30000-C,call,63480.29,30000.0,0.2990385539938166,0.045,0.5305
BTC-25SEP26-30000-P,put,63480.19,30000.0,0.2990385539938166,0.045,0.0030499999999999998
BTC-25SEP26-35000-C,call,63483.12,35000.0,0.2990385539938166,0.045,0.454
BTC-25SEP26-35000-P,put,63482.36,35000.0,0.2990385539938166,0.045,0.0055
BTC-25SEP26-40000-C,call,63480.33,40000.0,0.2990385539938166,0.045,0.37875000000000003
BTC-25SEP26-40000-P,put,63475.96,40000.0,0.2990385539938166,0.045,0.009000000000000001
BTC-25SEP26-45000-C,call,63476.35,45000.0,0.2990385539938166,0.045,0.30625
BTC-25SEP26-45000-P,put,63476.35,45000.0,0.2990385539938166,0.045,0.015
BTC-25SEP26-50000-C,call,63475.3,50000.0,0.2990385539938166,0.045,0.238
BTC-25SEP26-50000-P,put,63475.24,50000.0,0.2990385539938166,0.045,0.025750000000000002
BTC-25SEP26-55000-C,call,63474.43,55000.0,0.2990385539938166,0.045,0.17675
BTC-25SEP26-55000-P,put,63474.26,55000.0,0.2990385539938166,0.045,0.043
BTC-25SEP26-56000-C,call,63476.4,56000.0,0.2990385539938166,0.045,0.16525
BTC-25SEP26-56000-P,put,63478.71,56000.0,0.2990385539938166,0.045,0.0475
BTC-25SEP26-58000-C,call,63478.71,58000.0,0.2990385539938166,0.045,0.14425
BTC-25SEP26-58000-P,put,63477.09,58000.0,0.2990385539938166,0.045,0.05775
BTC-25SEP26-60000-C,call,63480.11,60000.0,0.2990385539938166,0.045,0.12475
BTC-25SEP26-60000-P,put,63480.11,60000.0,0.2990385539938166,0.045,0.06975
BTC-25SEP26-62000-C,call,63480.11,62000.0,0.2990385539938166,0.045,0.10675
BTC-25SEP26-62000-P,put,63483.96,62000.0,0.2990385539938166,0.045,0.08325
BTC-25SEP26-64000-C,call,63485.38,64000.0,0.2990385539938166,0.045,0.09075
BTC-25SEP26-64000-P,put,63485.38,64000.0,0.2990385539938166,0.045,0.09875
BTC-25SEP26-65000-C,call,63480.26,65000.0,0.2990385539938166,0.045,0.08375
BTC-25SEP26-65000-P,put,63477.57,65000.0,0.2990385539938166,0.045,0.10725
BTC-25SEP26-66000-C,call,63472.03,66000.0,0.2990385539938166,0.045,0.07675
BTC-25SEP26-66000-P,put,63472.03,66000.0,0.2990385539938166,0.045,0.11625
BTC-25SEP26-68000-C,call,63472.06,68000.0,0.2990385539938166,0.045,0.06425
BTC-25SEP26-68000-P,put,63471.66,68000.0,0.2990385539938166,0.045,0.13525
BTC-25SEP26-70000-C,call,63471.66,70000.0,0.2990385539938166,0.045,0.0535
BTC-25SEP26-70000-P,put,63471.31,70000.0,0.2990385539938166,0.045,0.15625
BTC-25SEP26-72000-C,call,63474.81,72000.0,0.2990385539938166,0.045,0.0445
BTC-25SEP26-72000-P,put,63474.98,72000.0,0.2990385539938166,0.045,0.17775
BTC-25SEP26-74000-C,call,63479.12,74000.0,0.2990385539938166,0.045,0.03675
BTC-25SEP26-74000-P,put,63479.65,74000.0,0.2990385539938166,0.045,0.2015
BTC-25SEP26-75000-C,call,63480.13,75000.0,0.2990385539938166,0.045,0.0335
BTC-25SEP26-75000-P,put,63480.09,75000.0,0.2990385539938166,0.045,0.21375
BTC-25SEP26-76000-C,call,63480.28,76000.0,0.2990385539938166,0.045,0.0305
BTC-25SEP26-76000-P,put,63479.92,76000.0,0.2990385539938166,0.045,0.22675
BTC-25SEP26-78000-C,call,63485.99,78000.0,0.2990385539938166,0.045,0.02475
BTC-25SEP26-78000-P,put,63485.99,78000.0,0.2990385539938166,0.045,0.2525
BTC-25SEP26-80000-C,call,63482.54,80000.0,0.2990385539938166,0.045,0.02075
BTC-25SEP26-80000-P,put,63480.05,80000.0,0.2990385539938166,0.045,0.27975
BTC-25SEP26-82000-C,call,63479.56,82000.0,0.2990385539938166,0.045,0.017
BTC-25SEP26-82000-P,put,63477.61,82000.0,0.2990385539938166,0.045,0.30774999999999997
BTC-25SEP26-84000-C,call,63477.2,84000.0,0.2990385539938166,0.045,0.01425
BTC-25SEP26-84000-P,put,63472.3,84000.0,0.2990385539938166,0.045,0.3365
BTC-25SEP26-85000-C,call,63472.3,85000.0,0.2990385539938166,0.045,0.013000000000000001
BTC-25SEP26-85000-P,put,63468.25,85000.0,0.2990385539938166,0.045,0.351
BTC-25SEP26-86000-C,call,63468.04,86000.0,0.2990385539938166,0.045,0.012
BTC-25SEP26-86000-P,put,63468.61,86000.0,0.2990385539938166,0.045,0.3725
BTC-25SEP26-88000-C,call,63470.09,88000.0,0.2990385539938166,0.045,0.01
BTC-25SEP26-88000-P,put,63470.17,88000.0,0.2990385539938166,0.045,0.40175
BTC-25SEP26-90000-C,call,63467.46,90000.0,0.2990385539938166,0.045,0.0085
BTC-25SEP26-90000-P,put,63467.46,90000.0,0.2990385539938166,0.045,0.4265
BTC-25SEP26-92000-C,call,63466.98,92000.0,0.2990385539938166,0.045,0.0075
BTC-25SEP26-92000-P,put,63460.37,92000.0,0.2990385539938166,0.045,0.46225000000000005
BTC-25SEP26-94000-C,call,63460.37,94000.0,0.2990385539938166,0.045,0.006500000000000001
BTC-25SEP26-94000-P,put,63460.35,94000.0,0.2990385539938166,0.045,0.49275
BTC-25SEP26-95000-C,call,63458.73,95000.0,0.2990385539938166,0.045,0.006
BTC-25SEP26-95000-P,put,63458.73,95000.0,0.2990385539938166,0.045,0.50175
BTC-25SEP26-96000-C,call,63458.73,96000.0,0.2990385539938166,0.045,0.0055
BTC-25SEP26-96000-P,put,63455.84,96000.0,0.2990385539938166,0.045,0.52325
BTC-25SEP26-98000-C,call,63454.95,98000.0,0.2990385539938166,0.045,0.00505
BTC-25SEP26-98000-P,put,63454.04,98000.0,0.2990385539938166,0.045,0.5545
BTC-25SEP26-100000-C,call,63455.97,100000.0,0.2990385539938166,0.045,0.0043
BTC-25SEP26-100000-P,put,63456.15,100000.0,0.2990385539938166,0.045,0.579
BTC-25SEP26-102000-C,call,63441.44,102000.0,0.2990385539938166,0.045,0.0038000000000000004
BTC-25SEP26-102000-P,put,63438.52,102000.0,0.2990385539938166,0.045,0.6160000000000001
BTC-25SEP26-105000-C,call,63414.96,105000.0,0.2990385539938166,0.045,0.0032500000000000003
BTC-25SEP26-105000-P,put,63415.04,105000.0,0.2990385539938166,0.045,0.65675
BTC-25SEP26-110000-C,call,63415.95,110000.0,0.2990385539938166,0.045,0.00245
BTC-25SEP26-110000-P,put,63417.47,110000.0,0.2990385539938166,0.045,0.73475
BTC-25SEP26-115000-C,call,63417.0,115000.0,0.2990385539938166,0.045,0.002
BTC-25SEP26-115000-P,put,63417.62,115000.0,0.2990385539938166,0.045,0.81275
BTC-25SEP26-120000-C,call,63413.66,120000.0,0.2990385539938166,0.045,0.00165
BTC-25SEP26-120000-P,put,63413.64,120000.0,0.2990385539938166,0.045,0.89325
BTC-25SEP26-125000-C,call,63412.0,125000.0,0.2990385539938166,0.045,0.0015
BTC-25SEP26-125000-P,put,63408.46,125000.0,0.2990385539938166,0.045,0.977
BTC-25SEP26-130000-C,call,63409.37,130000.0,0.2990385539938166,0.045,0.0013
BTC-25SEP26-130000-P,put,63405.33,130000.0,0.2990385539938166,0.045,1.05525
BTC-25SEP26-135000-C,call,63405.25,135000.0,0.2990385539938166,0.045,0.00115
BTC-25SEP26-135000-P,put,63405.25,135000.0,0.2990385539938166,0.045,1.134
BTC-25SEP26-140000-C,call,63399.38,140000.0,0.2990385539938166,0.045,0.00105
BTC-25SEP26-140000-P,put,63398.54,140000.0,0.2990385539938166,0.045,1.213
BTC-25SEP26-145000-C,call,63404.18,145000.0,0.2990385539938166,0.045,0.0009
BTC-25SEP26-145000-P,put,63404.18,145000.0,0.2990385539938166,0.045,1.29125
BTC-25SEP26-150000-C,call,63401.07,150000.0,0.2990385539938166,0.045,0.0007999999999999999
BTC-25SEP26-150000-P,put,63399.98,150000.0,0.2990385539938166,0.045,1.3719999999999999
BTC-25SEP26-155000-C,call,63404.85,155000.0,0.2990385539938166,0.045,0.00075
BTC-25SEP26-155000-P,put,63411.91,155000.0,0.2990385539938166,0.045,1.45075
BTC-25SEP26-160000-C,call,63418.57,160000.0,0.2990385539938166,0.045,0.0007
BTC-25SEP26-160000-P,put,63416.71,160000.0,0.2990385539938166,0.045,1.52925
BTC-25SEP26-165000-C,call,63417.35,165000.0,0.2990385539938166,0.045,0.0006000000000000001
BTC-25SEP26-165000-P,put,63417.35,165000.0,0.2990385539938166,0.045,1.60775
BTC-25SEP26-170000-C,call,63417.35,170000.0,0.2990385539938166,0.045,0.0006000000000000001
BTC-25SEP26-170000-P,put,63417.25,170000.0,0.2990385539938166,0.045,1.6865
BTC-25SEP26-175000-C,call,63418.83,175000.0,0.2990385539938166,0.045,0.0005
BTC-25SEP26-175000-P,put,63418.55,175000.0,0.2990385539938166,0.045,1.76525
BTC-25SEP26-180000-C,call,63418.55,180000.0,0.2990385539938166,0.045,0.00039999999999999996
BTC-25SEP26-180000-P,put,63418.82,180000.0,0.2990385539938166,0.045,1.844
BTC-25SEP26-190000-C,call,63414.34,190000.0,0.2990385539938166,0.045,0.00039999999999999996
BTC-25SEP26-190000-P,put,63412.14,190000.0,0.2990385539938166,0.045,2.002
BTC-25SEP26-200000-C,call,63414.06,200000.0,0.2990385539938166,0.045,0.00039999999999999996
BTC-25SEP26-200000-P,put,63414.06,200000.0,0.2990385539938166,0.045,2.1595
BTC-25SEP26-220000-C,call,63415.31,220000.0,0.2990385539938166,0.045,0.00025
BTC-25SEP26-220000-P,put,63416.82,220000.0,0.2990385539938166,0.045,2.47525
BTC-25SEP26-240000-C,call,63414.47,240000.0,0.2990385539938166,0.045,0.00019999999999999998
BTC-25SEP26-240000-P,put,63417.0,240000.0,0.2990385539938166,0.045,2.79075
BTC-25SEP26-260000-C,call,63423.81,260000.0,0.2990385539938166,0.045,0.00019999999999999998
BTC-25SEP26-260000-P,put,63424.93,260000.0,0.2990385539938166,0.045,3.106
BTC-25SEP26-280000-P,put,63427.36,280000.0,0.2990385539938166,0.045,3.4217500000000003
BTC-25SEP26-300000-P,put,63424.71,300000.0,0.2990385539938166,0.045,3.803
BTC-25SEP26-320000-P,put,63426.38,320000.0,0.2990385539938166,0.045,4.1135
BTC-25DEC26-25000-P,put,64093.8,25000.0,0.5483536224869673,0.045,0.10500000000000001
BTC-25DEC26-30000-C,call,64090.81,30000.0,0.5483536224869673,0.045,0.53975
BTC-25DEC26-30000-P,put,64091.08,30000.0,0.5483536224869673,0.045,0.0075
BTC-25DEC26-35000-C,call,64092.64,35000.0,0.5483536224869673,0.045,0.46675
BTC-25DEC26-35000-P,put,64098.27,35000.0,0.5483536224869673,0.045,0.0125
BTC-25DEC26-40000-C,call,64102.39,40000.0,0.5483536224869673,0.045,0.396
BTC-25DEC26-40000-P,put,64102.39,40000.0,0.5483536224869673,0.045,0.01975
BTC-25DEC26-45000-C,call,64107.59,45000.0,0.5483536224869673,0.045,0.329
BTC-25DEC26-45000-P,put,64111.62,45000.0,0.5483536224869673,0.045,0.03075
BTC-25DEC26-50000-C,call,64121.47,50000.0,0.5483536224869673,0.045,0.267
BTC-25DEC26-50000-P,put,64124.5,50000.0,0.5483536224869673,0.045,0.04675
BTC-25DEC26-52000-P,put,64125.52,52000.0,0.5483536224869673,0.045,0.03
BTC-25DEC26-54000-C,call,64125.57,54000.0,0.5483536224869673,0.045,0.2225
BTC-25DEC26-54000-P,put,64125.16,54000.0,0.5483536224869673,0.045,0.0645
BTC-25DEC26-55000-C,call,64124.82,55000.0,0.5483536224869673,0.045,0.212
BTC-25DEC26-55000-P,put,64125.34,55000.0,0.5483536224869673,0.045,0.0695
BTC-25DEC26-56000-C,call,64126.43,56000.0,0.5483536224869673,0.045,0.202
BTC-25DEC26-56000-P,put,64126.54,56000.0,0.5483536224869673,0.045,0.07525
BTC-25DEC26-58000-C,call,64126.54,58000.0,0.5483536224869673,0.045,0.1825
BTC-25DEC26-58000-P,put,64123.19,58000.0,0.5483536224869673,0.045,0.08725
BTC-25DEC26-60000-C,call,64123.34,60000.0,0.5483536224869673,0.045,0.1645
BTC-25DEC26-60000-P,put,64123.34,60000.0,0.5483536224869673,0.045,0.10025
BTC-25DEC26-62000-C,call,64123.34,62000.0,0.5483536224869673,0.045,0.14775
BTC-25DEC26-62000-P,put,64123.36,62000.0,0.5483536224869673,0.045,0.1145
BTC-25DEC26-64000-C,call,64124.49,64000.0,0.5483536224869673,0.045,0.1325
BTC-25DEC26-64000-P,put,64124.49,64000.0,0.5483536224869673,0.045,0.13025
BTC-25DEC26-65000-C,call,64128.61,65000.0,0.5483536224869673,0.045,0.12525
BTC-25DEC26-65000-P,put,64128.94,65000.0,0.5483536224869673,0.045,0.13875
BTC-25DEC26-66000-C,call,64136.26,66000.0,0.5483536224869673,0.045,0.11825
BTC-25DEC26-66000-P,put,64143.6,66000.0,0.5483536224869673,0.045,0.14725
BTC-25DEC26-68000-C,call,64141.46,68000.0,0.5483536224869673,0.045,0.1055
BTC-25DEC26-68000-P,put,64138.93,68000.0,0.5483536224869673,0.045,0.16575
BTC-25DEC26-70000-C,call,64139.31,70000.0,0.5483536224869673,0.045,0.094
BTC-25DEC26-70000-P,put,64139.31,70000.0,0.5483536224869673,0.045,0.185
BTC-25DEC26-72000-C,call,64143.73,72000.0,0.5483536224869673,0.045,0.0835
BTC-25DEC26-72000-P,put,64143.89,72000.0,0.5483536224869673,0.045,0.20575
BTC-25DEC26-74000-C,call,64143.89,74000.0,0.5483536224869673,0.045,0.07375
BTC-25DEC26-74000-P,put,64143.89,74000.0,0.5483536224869673,0.045,0.226
BTC-25DEC26-76000-C,call,64154.06,76000.0,0.5483536224869673,0.045,0.0655
BTC-25DEC26-76000-P,put,64159.23,76000.0,0.5483536224869673,0.045,0.24975
BTC-25DEC26-78000-C,call,64159.23,78000.0,0.5483536224869673,0.045,0.058
BTC-25DEC26-78000-P,put,64159.23,78000.0,0.5483536224869673,0.045,0.274
BTC-25DEC26-80000-C,call,64175.63,80000.0,0.5483536224869673,0.045,0.05175
BTC-25DEC26-80000-P,put,64175.63,80000.0,0.5483536224869673,0.045,0.29825
BTC-25DEC26-82000-C,call,64174.97,82000.0,0.5483536224869673,0.045,0.0455
BTC-25DEC26-82000-P,put,64175.79,82000.0,0.5483536224869673,0.045,0.3235
BTC-25DEC26-84000-C,call,64172.21,84000.0,0.5483536224869673,0.045,0.0405
BTC-25DEC26-84000-P,put,64172.21,84000.0,0.5483536224869673,0.045,0.34975
BTC-25DEC26-85000-C,call,64170.76,85000.0,0.5483536224869673,0.045,0.03825
BTC-25DEC26-85000-P,put,64170.27,85000.0,0.5483536224869673,0.045,0.36275
BTC-25DEC26-86000-C,call,64170.27,86000.0,0.5483536224869673,0.045,0.035750000000000004
BTC-25DEC26-86000-P,put,64170.89,86000.0,0.5483536224869673,0.045,0.385
BTC-25DEC26-88000-C,call,64170.48,88000.0,0.5483536224869673,0.045,0.032
BTC-25DEC26-88000-P,put,64167.99,88000.0,0.5483536224869673,0.045,0.412
BTC-25DEC26-90000-C,call,64167.99,90000.0,0.5483536224869673,0.045,0.0285
BTC-25DEC26-90000-P,put,64167.99,90000.0,0.5483536224869673,0.045,0.431
BTC-25DEC26-92000-C,call,64167.41,92000.0,0.5483536224869673,0.045,0.02525
BTC-25DEC26-92000-P,put,64167.5,92000.0,0.5483536224869673,0.045,0.46799999999999997
BTC-25DEC26-94000-C,call,64167.5,94000.0,0.5483536224869673,0.045,0.02275
BTC-25DEC26-94000-P,put,64166.58,94000.0,0.5483536224869673,0.045,0.49624999999999997
BTC-25DEC26-95000-C,call,64162.47,95000.0,0.5483536224869673,0.045,0.021249999999999998
BTC-25DEC26-95000-P,put,64162.47,95000.0,0.5483536224869673,0.045,0.50275
BTC-25DEC26-96000-C,call,64161.93,96000.0,0.5483536224869673,0.045,0.0205
BTC-25DEC26-96000-P,put,64161.93,96000.0,0.5483536224869673,0.045,0.52525
BTC-25DEC26-98000-C,call,64155.2,98000.0,0.5483536224869673,0.045,0.018250000000000002
BTC-25DEC26-98000-P,put,64154.48,98000.0,0.5483536224869673,0.045,0.554
BTC-25DEC26-100000-C,call,64154.48,100000.0,0.5483536224869673,0.045,0.0165
BTC-25DEC26-100000-P,put,64151.16,100000.0,0.5483536224869673,0.045,0.575
BTC-25DEC26-102000-C,call,64152.75,102000.0,0.5483536224869673,0.045,0.015
BTC-25DEC26-102000-P,put,64152.75,102000.0,0.5483536224869673,0.045,0.6132500000000001
BTC-25DEC26-104000-C,call,64153.46,104000.0,0.5483536224869673,0.045,0.0135
BTC-25DEC26-104000-P,put,64153.46,104000.0,0.5483536224869673,0.045,0.643
BTC-25DEC26-105000-C,call,64153.46,105000.0,0.5483536224869673,0.045,0.013000000000000001
BTC-25DEC26-105000-P,put,64153.86,105000.0,0.5483536224869673,0.045,0.64925
BTC-25DEC26-106000-C,call,64154.01,106000.0,0.5483536224869673,0.045,0.0125
BTC-25DEC26-106000-P,put,64154.01,106000.0,0.5483536224869673,0.045,0.67275
BTC-25DEC26-108000-C,call,64150.53,108000.0,0.5483536224869673,0.045,0.01125
BTC-25DEC26-108000-P,put,64150.53,108000.0,0.5483536224869673,0.045,0.70275
BTC-25DEC26-110000-C,call,64139.84,110000.0,0.5483536224869673,0.045,0.010499999999999999
BTC-25DEC26-110000-P,put,64143.68,110000.0,0.5483536224869673,0.045,0.72475
BTC-25DEC26-115000-C,call,64134.64,115000.0,0.5483536224869673,0.045,0.0085
BTC-25DEC26-115000-P,put,64134.64,115000.0,0.5483536224869673,0.045,0.80875
BTC-25DEC26-120000-C,call,64130.55,120000.0,0.5483536224869673,0.045,0.0072499999999999995
BTC-25DEC26-120000-P,put,64130.55,120000.0,0.5483536224869673,0.045,0.88525
BTC-25DEC26-125000-C,call,64132.73,125000.0,0.5483536224869673,0.045,0.006
BTC-25DEC26-125000-P,put,64133.16,125000.0,0.5483536224869673,0.045,0.9622499999999999
BTC-25DEC26-130000-C,call,64134.14,130000.0,0.5483536224869673,0.045,0.00505
BTC-25DEC26-130000-P,put,64134.14,130000.0,0.5483536224869673,0.045,1.0387499999999998
BTC-25DEC26-135000-C,call,64134.8,135000.0,0.5483536224869673,0.045,0.0044
BTC-25DEC26-135000-P,put,64135.26,135000.0,0.5483536224869673,0.045,1.11625
BTC-25DEC26-140000-C,call,64134.8,140000.0,0.5483536224869673,0.045,0.00385
BTC-25DEC26-140000-P,put,64136.71,140000.0,0.5483536224869673,0.045,1.19375
BTC-25DEC26-150000-C,call,64133.63,150000.0,0.5483536224869673,0.045,0.00315
BTC-25DEC26-150000-P,put,64133.63,150000.0,0.5483536224869673,0.045,1.349
BTC-25DEC26-160000-C,call,64110.0,160000.0,0.5483536224869673,0.045,0.00255
BTC-25DEC26-160000-P,put,64110.0,160000.0,0.5483536224869673,0.045,1.5042499999999999
BTC-25DEC26-170000-C,call,64108.87,170000.0,0.5483536224869673,0.045,0.0023
BTC-25DEC26-170000-P,put,64097.59,170000.0,0.5483536224869673,0.045,1.6604999999999999
BTC-25DEC26-180000-C,call,64097.59,180000.0,0.5483536224869673,0.045,0.0018
BTC-25DEC26-180000-P,put,64097.35,180000.0,0.5483536224869673,0.045,1.817
BTC-25DEC26-190000-C,call,64097.3,190000.0,0.5483536224869673,0.045,0.0015
BTC-25DEC26-190000-P,put,64097.3,190000.0,0.5483536224869673,0.045,1.9725
BTC-25DEC26-200000-C,call,64097.3,200000.0,0.5483536224869673,0.045,0.00135
BTC-25DEC26-200000-P,put,64097.37,200000.0,0.5483536224869673,0.045,2.12725
BTC-25DEC26-210000-C,call,64097.92,210000.0,0.5483536224869673,0.045,0.00115
BTC-25DEC26-210000-P,put,64098.06,210000.0,0.5483536224869673,0.045,2.28425
BTC-25DEC26-220000-C,call,64097.92,220000.0,0.5483536224869673,0.045,0.00105
BTC-25DEC26-220000-P,put,64095.63,220000.0,0.5483536224869673,0.045,2.4392500000000004
BTC-25DEC26-230000-C,call,64096.8,230000.0,0.5483536224869673,0.045,0.0009
BTC-25DEC26-230000-P,put,64099.94,230000.0,0.5483536224869673,0.045,2.59525
BTC-25DEC26-240000-C,call,64099.94,240000.0,0.5483536224869673,0.045,0.0008
BTC-25DEC26-240000-P,put,64106.29,240000.0,0.5483536224869673,0.045,2.7510000000000003
BTC-25DEC26-250000-C,call,64108.38,250000.0,0.5483536224869673,0.045,0.0007999999999999999
BTC-25DEC26-250000-P,put,64108.38,250000.0,0.5483536224869673,0.045,2.90775
BTC-25DEC26-260000-C,call,64111.81,260000.0,0.5483536224869673,0.045,0.30875
BTC-26MAR27-40000-C,call,64789.78,40000.0,0.797668690980118,0.045,0.41325
BTC-26MAR27-40000-P,put,64789.3,40000.0,0.797668690980118,0.045,0.03
BTC-26MAR27-50000-C,call,64790.48,50000.0,0.797668690980118,0.045,0.29325
BTC-26MAR27-50000-P,put,64793.62,50000.0,0.797668690980118,0.045,0.0645
BTC-26MAR27-52000-C,call,64793.66,52000.0,0.797668690980118,0.045,0.27225
BTC-26MAR27-52000-P,put,64793.66,52000.0,0.797668690980118,0.045,0.07425
BTC-26MAR27-54000-C,call,64793.67,54000.0,0.797668690980118,0.045,0.25175000000000003
BTC-26MAR27-54000-P,put,64792.31,54000.0,0.797668690980118,0.045,0.08474999999999999
BTC-26MAR27-55000-C,call,64792.31,55000.0,0.797668690980118,0.045,0.24225
BTC-26MAR27-55000-P,put,64796.81,55000.0,0.797668690980118,0.045,0.09025
BTC-26MAR27-56000-C,call,64802.93,56000.0,0.797668690980118,0.045,0.23275
BTC-26MAR27-56000-P,put,64802.23,56000.0,0.797668690980118,0.045,0.09625
BTC-26MAR27-58000-C,call,64802.23,58000.0,0.797668690980118,0.045,0.21475
BTC-26MAR27-58000-P,put,64802.19,58000.0,0.797668690980118,0.045,0.109
BTC-26MAR27-60000-C,call,64802.34,60000.0,0.797668690980118,0.045,0.1975
BTC-26MAR27-60000-P,put,64799.82,60000.0,0.797668690980118,0.045,0.123
BTC-26MAR27-62000-C,call,64799.82,62000.0,0.797668690980118,0.045,0.18125
BTC-26MAR27-62000-P,put,64799.91,62000.0,0.797668690980118,0.045,0.13775
BTC-26MAR27-64000-C,call,64799.18,64000.0,0.797668690980118,0.045,0.166
BTC-26MAR27-64000-P,put,64799.27,64000.0,0.797668690980118,0.045,0.15375
BTC-26MAR27-65000-C,call,64799.27,65000.0,0.797668690980118,0.045,0.159
BTC-26MAR27-65000-P,put,64800.06,65000.0,0.797668690980118,0.045,0.162
BTC-26MAR27-66000-C,call,64799.95,66000.0,0.797668690980118,0.045,0.15225
BTC-26MAR27-66000-P,put,64799.95,66000.0,0.797668690980118,0.045,0.17049999999999998
BTC-26MAR27-68000-C,call,64786.48,68000.0,0.797668690980118,0.045,0.13924999999999998
BTC-26MAR27-68000-P,put,64776.59,68000.0,0.797668690980118,0.045,0.187
BTC-26MAR27-70000-C,call,64776.12,70000.0,0.797668690980118,0.045,0.1275
BTC-26MAR27-70000-P,put,64777.57,70000.0,0.797668690980118,0.045,0.20600000000000002
BTC-26MAR27-72000-C,call,64777.57,72000.0,0.797668690980118,0.045,0.11624999999999999
BTC-26MAR27-72000-P,put,64777.56,72000.0,0.797668690980118,0.045,0.22625
BTC-26MAR27-74000-C,call,64780.71,74000.0,0.797668690980118,0.045,0.10625
BTC-26MAR27-74000-P,put,64780.71,74000.0,0.797668690980118,0.045,0.247
BTC-26MAR27-76000-C,call,64780.28,76000.0,0.797668690980118,0.045,0.097
BTC-26MAR27-76000-P,put,64779.92,76000.0,0.797668690980118,0.045,0.26875000000000004
BTC-26MAR27-78000-C,call,64780.19,78000.0,0.797668690980118,0.045,0.088
BTC-26MAR27-78000-P,put,64780.19,78000.0,0.797668690980118,0.045,0.291
BTC-26MAR27-80000-C,call,64779.83,80000.0,0.797668690980118,0.045,0.08125
BTC-26MAR27-80000-P,put,64780.49,80000.0,0.797668690980118,0.045,0.31425000000000003
BTC-26MAR27-82000-C,call,64780.49,82000.0,0.797668690980118,0.045,0.07375
BTC-26MAR27-82000-P,put,64780.68,82000.0,0.797668690980118,0.045,0.34975
BTC-26MAR27-84000-C,call,64780.68,84000.0,0.797668690980118,0.045,0.068
BTC-26MAR27-84000-P,put,64780.49,84000.0,0.797668690980118,0.045,0.37475
BTC-26MAR27-85000-C,call,64781.26,85000.0,0.797668690980118,0.045,0.065
BTC-26MAR27-85000-P,put,64787.98,85000.0,0.797668690980118,0.045,0.38725
BTC-26MAR27-86000-C,call,64787.98,86000.0,0.797668690980118,0.045,0.06225
BTC-26MAR27-86000-P,put,64792.34,86000.0,0.797668690980118,0.045,0.4
BTC-26MAR27-88000-C,call,64792.68,88000.0,0.797668690980118,0.045,0.05725
BTC-26MAR27-88000-P,put,64792.68,88000.0,0.797668690980118,0.045,0.4255
BTC-26MAR27-90000-C,call,64802.05,90000.0,0.797668690980118,0.045,0.0525
BTC-26MAR27-90000-P,put,64802.4,90000.0,0.797668690980118,0.045,0.4515
BTC-26MAR27-92000-C,call,64805.79,92000.0,0.797668690980118,0.045,0.04825
BTC-26MAR27-92000-P,put,64805.91,92000.0,0.797668690980118,0.045,0.47775
BTC-26MAR27-94000-C,call,64808.96,94000.0,0.797668690980118,0.045,0.04425
BTC-26MAR27-94000-P,put,64810.41,94000.0,0.797668690980118,0.045,0.50475
BTC-26MAR27-95000-C,call,64810.41,95000.0,0.797668690980118,0.045,0.042749999999999996
BTC-26MAR27-95000-P,put,64810.41,95000.0,0.797668690980118,0.045,0.5185
BTC-26MAR27-96000-C,call,64810.79,96000.0,0.797668690980118,0.045,0.041
BTC-26MAR27-96000-P,put,64810.07,96000.0,0.797668690980118,0.045,0.53225
BTC-26MAR27-98000-C,call,64810.07,98000.0,0.797668690980118,0.045,0.03775
BTC-26MAR27-98000-P,put,64810.16,98000.0,0.797668690980118,0.045,0.5599999999999999
BTC-26MAR27-100000-C,call,64807.56,100000.0,0.797668690980118,0.045,0.03475
BTC-26MAR27-100000-P,put,64807.56,100000.0,0.797668690980118,0.045,0.58775
BTC-26MAR27-102000-C,call,64805.99,102000.0,0.797668690980118,0.045,0.03225
BTC-26MAR27-102000-P,put,64806.26,102000.0,0.797668690980118,0.045,0.61575
BTC-26MAR27-104000-C,call,64806.8,104000.0,0.797668690980118,0.045,0.03
BTC-26MAR27-104000-P,put,64806.8,104000.0,0.797668690980118,0.045,0.64425
BTC-26MAR27-105000-C,call,64806.88,105000.0,0.797668690980118,0.045,0.028749999999999998
BTC-26MAR27-105000-P,put,64807.25,105000.0,0.797668690980118,0.045,0.6325000000000001
BTC-26MAR27-106000-C,call,64807.25,106000.0,0.797668690980118,0.045,0.0275
BTC-26MAR27-106000-P,put,64807.3,106000.0,0.797668690980118,0.045,0.67275
BTC-26MAR27-108000-C,call,64807.39,108000.0,0.797668690980118,0.045,0.025500000000000002
BTC-26MAR27-108000-P,put,64807.68,108000.0,0.797668690980118,0.045,0.7015
BTC-26MAR27-110000-C,call,64809.36,110000.0,0.797668690980118,0.045,0.024
BTC-26MAR27-110000-P,put,64809.36,110000.0,0.797668690980118,0.045,0.73075
BTC-26MAR27-112000-C,call,64809.36,112000.0,0.797668690980118,0.045,0.02225
BTC-26MAR27-112000-P,put,64808.77,112000.0,0.797668690980118,0.045,0.7597499999999999
BTC-26MAR27-115000-C,call,64808.77,115000.0,0.797668690980118,0.045,0.02
BTC-26MAR27-115000-P,put,64809.52,115000.0,0.797668690980118,0.045,0.80375
BTC-26MAR27-120000-C,call,64813.35,120000.0,0.797668690980118,0.045,0.01725
BTC-26MAR27-120000-P,put,64809.47,120000.0,0.797668690980118,0.045,0.87775
BTC-26MAR27-125000-C,call,64813.35,125000.0,0.797668690980118,0.045,0.01475
BTC-26MAR27-125000-P,put,64815.67,125000.0,0.797668690980118,0.045,0.95275
BTC-26MAR27-130000-C,call,64815.67,130000.0,0.797668690980118,0.045,0.013000000000000001
BTC-26MAR27-130000-P,put,64816.64,130000.0,0.797668690980118,0.045,1.0277500000000002
BTC-26MAR27-140000-C,call,64818.46,140000.0,0.797668690980118,0.045,0.010249999999999999
BTC-26MAR27-140000-P,put,64818.94,140000.0,0.797668690980118,0.045,1.1789999999999998
BTC-26MAR27-150000-C,call,64828.53,150000.0,0.797668690980118,0.045,0.00825
BTC-26MAR27-150000-P,put,64828.7,150000.0,0.797668690980118,0.045,1.33125
BTC-26MAR27-160000-C,call,64831.96,160000.0,0.797668690980118,0.045,0.00675
BTC-26MAR27-160000-P,put,64831.43,160000.0,0.797668690980118,0.045,1.484
BTC-26MAR27-170000-C,call,64832.79,170000.0,0.797668690980118,0.045,0.00545
BTC-26MAR27-170000-P,put,64808.14,170000.0,0.797668690980118,0.045,1.6367500000000001
BTC-26MAR27-180000-C,call,64808.79,180000.0,0.797668690980118,0.045,0.0049
BTC-26MAR27-180000-P,put,64808.53,180000.0,0.797668690980118,0.045,1.79125
BTC-26MAR27-190000-C,call,64808.16,190000.0,0.797668690980118,0.045,0.00415
BTC-26MAR27-190000-P,put,64810.73,190000.0,0.797668690980118,0.045,1.9445000000000001
BTC-26MAR27-200000-C,call,64813.53,200000.0,0.797668690980118,0.045,0.0037
BTC-26MAR27-200000-P,put,64816.49,200000.0,0.797668690980118,0.045,2.09825
